"success","data__id","data__mpName","data__house","data__state","data__constituency","data__allocatedAmount","data__totalExpenditure","data__utilizationPercentage","data__completedWorksCount","data__recommendedWorksCount","data__completionRate","data__pendingWorks","data__unspentAmount","data__completedWorksValue","data__totalCompletedAmount","data__inProgressPayments","data__paymentGapPercentage","pagination__currentPage","pagination__totalPages","pagination__totalCount","pagination__limit"
"True","6a90d9e260cc5ec1e4c309f3","Smt. S. Phangnon Konyak (2022-28)","Rajya Sabha","Nagaland","Sitting Rajya Sabha","206563957.11","196106200","94.93727886688818","57","20","74.02597402597402","-37","10457757.110000014","144763000","144763000","51343200","26.181324200866673","1","1","774","800"
"","6a90d9df60cc5ec1e4c3068e","Shri Arun Kumar Sagar ","Lok Sabha","Uttar Pradesh","SHAHJAHANPUR","147000000","138723000","94.36938775510204","4","3","57.14285714285714","-1","8277000","97143000","97143000","41580000","29.9734002292338","","","",""
"","6a90d9df60cc5ec1e4c30663","S SUPONGMEREN JAMIR","Lok Sabha","Nagaland","NAGALAND","147000000","138150000","93.9795918367347","38","18","67.85714285714286","-20","8850000","88600000","88600000","49550000","35.86681143684401","","","",""
"","6a90d9df60cc5ec1e4c306e8","VIJAYLAKSHMI DEVI","Lok Sabha","Bihar","SIWAN","147000000","134748616","91.66572517006803","95","87","52.197802197802204","-8","12251384","90543755","90543755","44204861","32.80542859156342","","","",""
"","6a90d9df60cc5ec1e4c306c0","Smt Veena Devi ","Lok Sabha","Bihar","VAISHALI","147000000","131108889","89.18972040816327","30","29","50.847457627118644","-1","15891111","93983889","93983889","37125000","28.31615787698422","","","",""
"","6a90d9e260cc5ec1e4c309e3","Smt. Darshana Singh (2022-28)","Rajya Sabha","Uttar Pradesh","Sitting Rajya Sabha","196994373.87","174994106","88.83203238864154","31","16","65.95744680851064","-15","22000267.870000005","139851228","139851228","35142878","20.082320943997967","","","",""
"","6a90d9e260cc5ec1e4c3098f","Shri Mithlesh Kumar (2022-28)","Rajya Sabha","Uttar Pradesh","Sitting Rajya Sabha","196063957.11","170753928","87.09093222279502","195","9","95.58823529411765","-186","25310029.110000014","143813928","143813928","26940000","15.777089473455627","","","",""
"","6a90d9e260cc5ec1e4c309f6","Smt. Sangeeta Yadav (2022-28)","Rajya Sabha","Uttar Pradesh","Sitting Rajya Sabha","196063957.11","169940841","86.6762272397961","43","78","35.53719008264463","35","26123116.110000014","117219561","117219561","52721280","31.023313577693777","","","",""
"","6a90d9e260cc5ec1e4c309e4","Smt. Geeta alias Chandraprabha (2020-26)","Rajya Sabha","Uttar Pradesh","Sitting Rajya Sabha","196063957.11","169877016.35","86.64367426527659","210","37","85.02024291497976","-173","26186940.76000002","161572422.35","161572422.35","8304594","4.888591863945814","","","",""
"","6a90d9e260cc5ec1e4c3094a","Shri B.L. Verma (2020-26)","Rajya Sabha","Uttar Pradesh","Sitting Rajya Sabha","196063957.11","168937264.09","86.16436523068806","350","64","84.54106280193237","-286","27126693.02000001","116682306.09","116682306.09","52254958","30.93157586129818","","","",""
"","6a90d9e260cc5ec1e4c309fb","Smt. Sumitra Balmik (2022-28)","Rajya Sabha","Madhya Pradesh","Sitting Rajya Sabha","196063957.11","163767349","83.52751388574684","62","116","34.831460674157306","54","32296608.110000014","76039991","76039991","87727358","53.568283626548784","","","",""
"","6a90d9df60cc5ec1e4c3050d","Ashok Kumar Rawat","Lok Sabha","Uttar Pradesh","MISRIKH","147000000","121139986","82.4081537414966","2","3","40","1","25860014","48614657","48614657","72525329","59.86902540999138","","","",""
"","6a90d9e260cc5ec1e4c30972","Shri Javed Ali Khan (2022-28)","Rajya Sabha","Uttar Pradesh","Sitting Rajya Sabha","196063957.11","160977854.28","82.10476655313283","125","68","64.76683937823834","-57","35086102.83000001","101806791","101806791","59171063.28","36.75726921858434","","","",""
"","6a90d9e260cc5ec1e4c309b3","Shri Ramji (2020-26)","Rajya Sabha","Uttar Pradesh","Sitting Rajya Sabha","174518577.11","141923083","81.32262212437425","154","91","62.857142857142854","-63","32595494.110000014","133996851","133996851","7926232","5.5848786768534335","","","",""
"","6a90d9e260cc5ec1e4c3093c","Prof. Ram Gopal Yadav (2020-26)","Rajya Sabha","Uttar Pradesh","Sitting Rajya Sabha","221271395.11","178725656","80.77214676174054","25","56","30.864197530864196","31","42545739.110000014","78745019","78745019","99980637","55.94084209152378","","","",""
"","6a90d9df60cc5ec1e4c306c7","SUKHDEO BHAGAT","Lok Sabha","Jharkhand","LOHARDAGA","171821957.11","138586757","80.65718685259597","80","204","28.169014084507044","124","33235200.110000014","45856503","45856503","92730254","66.91133843329634","","","",""
"","6a90d9df60cc5ec1e4c30621","Pradeep Kumar Singh","Lok Sabha","Bihar","ARARIA","147000000","118278146","80.4613238095238","39","47","45.348837209302324","8","28721854","94498127","94498127","23780019","20.10516718785903","","","",""
"","6a90d9e260cc5ec1e4c309a8","Shri R. Dharmar (2022-28)","Rajya Sabha","Tamil Nadu","Sitting Rajya Sabha","260812242.52","207877791","79.70400046848229","189","55","77.45901639344262","-134","52934451.52000001","204379819","204379819","3497972","1.6827059702592277","","","",""
"","6a90d9e260cc5ec1e4c30967","Shri Hardeep Singh Puri (2020-26)","Rajya Sabha","Uttar Pradesh","Sitting Rajya Sabha","226801049.11","180480217.2","79.57644724670823","278","137","66.98795180722892","-141","46320831.910000026","112016608.2","112016608.2","68463608.99999999","37.934134866499924","","","",""
"","6a90d9e260cc5ec1e4c3091f","Dr. Faiyaz Ahmad (2022-28)","Rajya Sabha","Bihar","Sitting Rajya Sabha","235263957.11","183753433","78.10522073046839","130","59","68.78306878306879","-71","51510524.110000014","145214990","145214990","38538443","20.97291047618142","","","",""
"","6a90d9df60cc5ec1e4c3058a","Giridhari Yadav","Lok Sabha","Bihar","BANKA","147000000","114805889","78.09924421768707","85","35","70.83333333333334","-50","32194111","97151866","97151866","17654023","15.37727999301499","","","",""
"","6a90d9e260cc5ec1e4c3097e","Shri Khiru Mahto (2022-28)","Rajya Sabha","Bihar","Sitting Rajya Sabha","235770091.81","183791258","77.95359309106594","171","6","96.61016949152543","-165","51978833.81","179942987","179942987","3848271","2.093827008899411","","","",""
"","6a90d9e260cc5ec1e4c309f7","Smt. Seema Dwivedi (2020-26)","Rajya Sabha","Uttar Pradesh","Sitting Rajya Sabha","173830159.11","135282718.4","77.82465315146658","210","198","51.470588235294116","-12","38547440.71000001","104021540.4","104021540.4","31261178","23.108035061483506","","","",""
"","6a90d9e260cc5ec1e4c309f0","Smt. Ranjeet Ranjan (2022-28)","Rajya Sabha","Chhattisgarh","Sitting Rajya Sabha","246780257.87","185739464","75.26512274650618","160","121","56.93950177935944","-39","61040793.870000005","131171025","131171025","54568439","29.379022543103712","","","",""
"","6a90d9e260cc5ec1e4c3091b","Dr. Bhim Singh (2024-30)","Rajya Sabha","Bihar","Sitting Rajya Sabha","186200000","139819329","75.09093931256713","233","82","73.96825396825398","-151","46380671","93849329","93849329","45970000","32.87814376508702","","","",""
"","6a90d9e260cc5ec1e4c309bd","Shri S. Kalyanasundaram (2022-28)","Rajya Sabha","Tamil Nadu","Sitting Rajya Sabha","239763792.52","179863534","75.01697070669942","141","44","76.21621621621621","-97","59900258.52000001","164924211","164924211","14939323","8.305920976733393","","","",""
"","6a90d9e260cc5ec1e4c309d0","Shri Shambhu Sharan Patel (2022-28)","Rajya Sabha","Bihar","Sitting Rajya Sabha","237168443.49","175484824","73.99164130678251","199","108","64.82084690553745","-91","61683619.49000001","157543823","157543823","17941001","10.223676663914825","","","",""
"","6a90d9df60cc5ec1e4c30600","Mukesh Rajput","Lok Sabha","Uttar Pradesh","FARRUKHABAD","147000000","108417412","73.75334149659864","246","49","83.38983050847457","-197","38582588","92642945","92642945","15774467","14.549754240582685","","","",""
"","6a90d9e260cc5ec1e4c3091d","Dr. Dharmshila Gupta (2024-30)","Rajya Sabha","Bihar","Sitting Rajya Sabha","186200000","136714265","73.42334317937701","87","55","61.267605633802816","-32","49485735","114316446","114316446","22397819","16.382942189682986","","","",""
"","6a90d9df60cc5ec1e4c30654","Ramprit Mandal","Lok Sabha","Bihar","JHANJHARPUR","147000000","107510581","73.13644965986394","89","91","49.44444444444444","2","39489419","92200801","92200801","15309780","14.240254175540173","","","",""
"","6a90d9df60cc5ec1e4c3064d","RAM PRASAD CHAUDHARY","Lok Sabha","Uttar Pradesh","BASTI","204176957.11","148429426","72.69646296081976","37","146","20.21857923497268","109","55747531.110000014","63914240","63914240","84515186","56.93964349090726","","","",""
"","6a90d9df60cc5ec1e4c304f7","ANDREW J. SYNGKON","Lok Sabha","Meghalaya","SHILLONG","98000000","70505000","71.9438775510204","98","146","40.16393442622951","48","27495000","36350000","36350000","34155000","48.44337281043898","","","",""
"","6a90d9df60cc5ec1e4c30573","DR. RAJESH MISHRA","Lok Sabha","Madhya Pradesh","SIDHI","262724510.35","184983789","70.40979494207286","172","169","50.43988269794721","-3","77740721.35","136499025","136499025","48484764","26.210277269215197","","","",""
"","6a90d9e260cc5ec1e4c309a9","Shri R. Girirajan (2022-28)","Rajya Sabha","Tamil Nadu","Sitting Rajya Sabha","236312242.52","165928789","70.21590893072617","150","71","67.87330316742081","-79","70383453.52000001","124310817","124310817","41617972","25.08182712042815","","","",""
"","6a90d9e260cc5ec1e4c309e8","Smt. Mahua Maji (2022-28)","Rajya Sabha","Jharkhand","Sitting Rajya Sabha","232524001.2","163193927","70.18369121372233","150","315","32.25806451612903","165","69330074.19999999","81123339","81123339","82070588","50.2902218904261","","","",""
"","6a90d9e260cc5ec1e4c3093f","Shri Aditya Prasad (2022-28)","Rajya Sabha","Jharkhand","Sitting Rajya Sabha","227628508.2","159474868","70.05926861317452","141","85","62.38938053097345","-56","68153640.19999999","115687342","115687342","43787526","27.45732073595446","","","",""
"","6a90d9e260cc5ec1e4c3094c","Shri Baburam Nishad (2022-28)","Rajya Sabha","Uttar Pradesh","Sitting Rajya Sabha","196063957.11","136082109.32","69.40699929036538","436","213","67.18027734976889","-223","59981847.79000002","113334752.32","113334752.32","22747357","16.71590564966119","","","",""
"","6a90d9e260cc5ec1e4c309f4","Smt. Sadhna Singh (2024-30)","Rajya Sabha","Uttar Pradesh","Sitting Rajya Sabha","147000000","101298179","68.91032585034014","5","13","27.77777777777778","8","45701821","82840596","82840596","18457583","18.22104126866881","","","",""
"","6a90d9df60cc5ec1e4c3052c","Bhola Singh","Lok Sabha","Uttar Pradesh","BULANDSHAHR","147000000","101017522","68.71940272108844","142","148","48.96551724137931","6","45982478","70121237","70121237","30896285","30.58507513181723","","","",""
"","6a90d9df60cc5ec1e4c30623","Pradyut Bordoloi","Lok Sabha","Assam","NOWGONG","98000000","67329583","68.70365612244898","13","202","6.046511627906977","189","30670417","6630634","6630634","60698949","90.15197524689853","","","",""
"","6a90d9e260cc5ec1e4c3092e","Dr. Sandeep Kumar Pathak (2022-28)","Rajya Sabha","Punjab","Sitting Rajya Sabha","232203454.24","158759283","68.37076714453617","157","121","56.4748201438849","-36","73444171.24000001","80659922","80659922","78099361","49.19357125088553","","","",""
"","6a90d9e260cc5ec1e4c30964","Shri Gulam Ali (2022-28)","Rajya Sabha","Jammu And Kashmir","Nominated Rajya Sabha","196063957.11","134033715","68.36224106443058","156","29","84.32432432432432","-127","62030242.110000014","133429060","133429060","604655","0.4511215704198007","","","",""
"","6a90d9df60cc5ec1e4c30504","ARUN BHARTI","Lok Sabha","Bihar","JAMUI","194924621.11","132883940","68.17196270193637","218","110","66.46341463414635","-108","62040681.110000014","112774852","112774852","20109088","15.132820414566275","","","",""
"","6a90d9e260cc5ec1e4c30945","Shri Arun Singh (2020-26)","Rajya Sabha","Uttar Pradesh","Sitting Rajya Sabha","223492764.11","151462382","67.77059767601797","46","65","41.44144144144144","19","72030382.11000001","50601635","50601635","100860747","66.5912853529532","","","",""
"","6a90d9df60cc5ec1e4c3056c","DR. LATA WANKHEDE","Lok Sabha","Madhya Pradesh","SAGAR","147000000","99315853","67.56180476190477","103","155","39.922480620155035","52","47684147","78629489","78629489","20686364","20.828864048522043","","","",""
"","6a90d9e260cc5ec1e4c309ce","Shri Satish Chandra Dubey (2022-28)","Rajya Sabha","Bihar","Sitting Rajya Sabha","235263957.11","158349542","67.30718293833768","162","92","63.77952755905512","-70","76914415.11000001","128859487","128859487","29490055","18.623391408356586","","","",""
"","6a90d9e260cc5ec1e4c309cc","Shri Sant Balbir Singh (2022-28)","Rajya Sabha","Punjab","Sitting Rajya Sabha","196359074.44000003","131641205.41","67.0410602542459","206","165","55.525606469002696","-41","64717869.03000003","98971956","98971956","32669249.409999996","24.81688716557309","","","",""
"","6a90d9df60cc5ec1e4c306a8","Shri Tapir Gao","Lok Sabha","Arunachal Pradesh","ARUNACHAL EAST","147000000","98534470","67.03025170068028","106","58","64.63414634146342","-48","48465530","94063491","94063491","4470979","4.537477087967287","","","",""
"","6a90d9df60cc5ec1e4c306c4","SUDHAKAR SINGH","Lok Sabha","Bihar","BUXAR","185211956.54","123581875","66.72456644196735","98","106","48.03921568627451","8","61630081.53999999","97184694","97184694","26397181","21.360074849163762","","","",""
"","6a90d9df60cc5ec1e4c304fe","ANOOP PRADHAN BALMIKI","Lok Sabha","Uttar Pradesh","HATHRAS","147000000","97915147","66.60894353741497","69","37","65.09433962264151","-32","49084853","94261505","94261505","3653642","3.731436975731651","","","",""
"","6a90d9e260cc5ec1e4c3096f","Shri Jaggesh (2022-28)","Rajya Sabha","Karnataka","Sitting Rajya Sabha","196063957.11","130587101","66.60433815825478","126","82","60.57692307692307","-44","65476856.110000014","117216640","117216640","13370461","10.238730240286136","","","",""
"","6a90d9df60cc5ec1e4c3060c","NEERAJ MAURYA","Lok Sabha","Uttar Pradesh","AONLA","147000000","97488644","66.31880544217688","17","19","47.22222222222222","2","49511356","96558369","96558369","930275","0.9542393470976988","","","",""
"","6a90d9df60cc5ec1e4c306d7","THARANIVENTHAN M S","Lok Sabha","Tamil Nadu","ARANI","168337124.35","111315790","66.12670284693503","180","137","56.782334384858046","-43","57021334.349999994","91405416","91405416","19910374","17.886387905974523","","","",""
"","6a90d9df60cc5ec1e4c305bf","KAMLESH JANGDE","Lok Sabha","Chhattisgarh","JANJGIR CHAMPA","150384382.11","99411941","66.10522954922556","254","90","73.83720930232558","-164","50972441.110000014","78661679","78661679","20750262","20.873007599761078","","","",""
"","6a90d9df60cc5ec1e4c30668","SALENG A SANGMA","Lok Sabha","Meghalaya","TURA","147000000","96785000","65.84013605442178","119","218","35.311572700296736","99","50215000","44900000","44900000","51885000","53.608513715968385","","","",""
"","6a90d9df60cc5ec1e4c3063c","RAJ BHUSHAN CHOUDHARY","Lok Sabha","Bihar","MUZAFFARPUR","147000000","96375137","65.56131768707483","77","43","64.16666666666667","-34","50624863","86773068","86773068","9602069","9.963222153448145","","","",""
"","6a90d9df60cc5ec1e4c30647","Rajkumar Chahar ","Lok Sabha","Uttar Pradesh","FATEHPUR SIKRI","147000000","96369831","65.5577081632653","45","5","90","-40","50630169","95259092","95259092","1110739","1.1525795868626147","","","",""
"","6a90d9df60cc5ec1e4c30566","DR RANI SRI KUMAR","Lok Sabha","Tamil Nadu","TENKASI","153060922.82","99919930","65.28114959656037","102","58","63.74999999999999","-44","53140992.81999999","86705685","86705685","13214245","13.224834124683635","","","",""
"","6a90d9df60cc5ec1e4c304e9","AKSHAYA YADAV","Lok Sabha","Uttar Pradesh","FIROZABAD","147000000","95931875","65.25977891156462","37","6","86.04651162790698","-31","51068125","87311813","87311813","8620062","8.98560775550358","","","",""
"","6a90d9df60cc5ec1e4c30543","CHHATRA PAL SINGH GANGWAR","Lok Sabha","Uttar Pradesh","BAREILLY","147000000","95712065","65.11024829931972","142","44","76.34408602150538","-98","51287935","93623211","93623211","2088854","2.1824354118783247","","","",""
"","6a90d9df60cc5ec1e4c305f2","MANOJ KUMAR","Lok Sabha","Bihar","SASARAM","147000000","95686097","65.09258299319728","82","112","42.2680412371134","30","51313903","68255638","68255638","27430459","28.667131234331777","","","",""
"","6a90d9df60cc5ec1e4c30615","Pankaj Chowdhary","Lok Sabha","Uttar Pradesh","MAHARAJGANJ","147000000","95676373","65.08596802721088","34","30","53.125","-4","51323627","72911020","72911020","22765353","23.79412208696498","","","",""
"","6a90d9df60cc5ec1e4c305c5","KARAN BHUSHAN SINGH","Lok Sabha","Uttar Pradesh","KAISERGANJ","147000000","95454825","64.93525510204081","33","75","30.555555555555557","42","51545175","46122700","46122700","49332125","51.68112245766518","","","",""
"","6a90d9e260cc5ec1e4c30924","Dr. Kavita Patidar (2022-28)","Rajya Sabha","Madhya Pradesh","Sitting Rajya Sabha","197118521.35000002","127377000.12","64.61949858777184","142","75","65.43778801843318","-67","69741521.23000002","85554362","85554362","41822638.120000005","32.8337439887888","","","",""
"","6a90d9df60cc5ec1e4c3065d","RICHARD VANLALHMANGAIHA","Lok Sabha","Mizoram","MIZORAM","147000000","94866729","64.53518979591837","134","132","50.37593984962406","-2","52133271","70434229","70434229","24432500","25.75455089212573","","","",""
"","6a90d9df60cc5ec1e4c3059a","Indra Hang Subba","Lok Sabha","Sikkim","SIKKIM","152003923.11","98023420","64.48742768899709","38","81","31.932773109243694","43","53980503.110000014","76962180","76962180","21061240","21.48592652653825","","","",""
"","6a90d9e260cc5ec1e4c30976","Shri K.R.N. Rajeshkumar (2022-28)","Rajya Sabha","Tamil Nadu","Sitting Rajya Sabha","238513975.53","152999036","64.14678035533224","84","18","82.35294117647058","-66","85514939.53","131487423","131487423","21511613","14.059966364755397","","","",""
"","6a90d9df60cc5ec1e4c30682","SHER SINGH GHUBAYA","Lok Sabha","Punjab","FIROZPUR","147000000","94266196","64.12666394557823","361","34","91.39240506329114","-327","52733804","88106251","88106251","6159945","6.53462774715127","","","",""
"","6a90d9df60cc5ec1e4c304f8","ANGOMCHA BIMOL AKOIJAM","Lok Sabha","Manipur","INNER MANIPUR","147000000","93860392","63.85060680272109","21","29","42","8","53139608","45798053","45798053","48062339","51.2061988831242","","","",""
"","6a90d9df60cc5ec1e4c30630","Prof SP Singh Baghel","Lok Sabha","Uttar Pradesh","AGRA","147000000","93200157","63.40146734693878","55","55","50","0","53799843","75214638","75214638","17985519","19.297734659395477","","","",""
"","6a90d9df60cc5ec1e4c305a7","JITENDRA KUMAR DOHARE","Lok Sabha","Uttar Pradesh","ETAWAH","188747306.26","119571988","63.350301717837084","192","322","37.35408560311284","130","69175318.25999999","59111265","59111265","60460723","50.56428684618006","","","",""
"","6a90d9e260cc5ec1e4c309b4","Shri Ramji Lal Suman (2024-30)","Rajya Sabha","Uttar Pradesh","Sitting Rajya Sabha","147000000","93005621","63.26912993197279","29","35","45.3125","6","53994379","48424053","48424053","44581568","47.93427270379712","","","",""
"","6a90d9df60cc5ec1e4c30582","GAIKWAD VARSHA EKNATH","Lok Sabha","Maharashtra","MUMBAI NORTH-CENTRAL","147000000","92563767","62.96854897959183","0","57","0","57","54436233","0","0","92563767","100","","","",""
"","6a90d9df60cc5ec1e4c3062b","PRAVEEN PATEL","Lok Sabha","Uttar Pradesh","PHULPUR","151559884.09","95102075","62.748843845463774","14","10","58.333333333333336","-4","56457809.09","50524702","50524702","44577373","46.873186520903985","","","",""
"","6a90d9df60cc5ec1e4c306b0","SK NURUL ISLAM","Lok Sabha","West Bengal","BASIRHAT","49000000","30740105","62.7349081632653","7","26","21.21212121212121","19","18259895","13344497","13344497","17395608","56.58929271711987","","","",""
"","6a90d9df60cc5ec1e4c3065f","Rodmal Nagar ","Lok Sabha","Madhya Pradesh","RAJGARH","147000000","92107905","62.658438775510206","54","301","15.211267605633802","247","54892095","35993694","35993694","56114211","60.92225309000351","","","",""
"","6a90d9df60cc5ec1e4c30512","AWADHESH PRASAD","Lok Sabha","Uttar Pradesh","FAIZABAD","147000000","92097873","62.65161428571429","108","106","50.467289719626166","-2","54902127","81824252","81824252","10273621","11.15511212729093","","","",""
"","6a90d9e260cc5ec1e4c30922","Dr. K. Laxman (2022-28)","Rajya Sabha","Uttar Pradesh","Sitting Rajya Sabha","197637007.11","123809716","62.64500652506364","275","48","85.13931888544892","-227","73827291.11000001","90523200","90523200","33286516","26.885221188941262","","","",""
"","6a90d9df60cc5ec1e4c3064b","RAKESH RATHOR","Lok Sabha","Uttar Pradesh","SITAPUR","147000000","91524162","62.261334693877544","21","50","29.577464788732392","29","55475838","32047044","32047044","59477118","64.985154412012","","","",""
"","6a90d9df60cc5ec1e4c30674","SARABJEET SINGH KHALSA","Lok Sabha","Punjab","FARIDKOT","150850348.15","93855473","62.21760450076893","227","389","36.85064935064935","162","56994875.150000006","49705480","49705480","44149993","47.04040328047785","","","",""
"","6a90d9df60cc5ec1e4c305e8","MALAIYARASAN D","Lok Sabha","Tamil Nadu","KALLAKURICHI","196416465","121901141","62.06258777745541","198","191","50.899742930591266","-7","74515324","119983247","119983247","1917894","1.5733191537559112","","","",""
"","6a90d9df60cc5ec1e4c30666","SACHITHANANTHAM R","Lok Sabha","Tamil Nadu","DINDIGUL","147000000","91226196","62.05863673469387","50","84","37.3134328358209","34","55773804","59427935","59427935","31798261","34.85650218277215","","","",""
"","6a90d9e260cc5ec1e4c30954","Shri Chandrakant Damodar Handore (2024-30)","Rajya Sabha","Maharashtra","Sitting Rajya Sabha","147000000","91048479","61.937740816326524","9","29","23.684210526315788","20","55951521","17902582","17902582","73145897","80.33730799610612","","","",""
"","6a90d9df60cc5ec1e4c30545","CHHOTELAL","Lok Sabha","Uttar Pradesh","ROBERTSGANJ","147000000","90952339","61.87233945578231","261","174","60","-87","56047661","49140148","49140148","41812191","45.97154010519729","","","",""
"","6a90d9df60cc5ec1e4c3055c","Dinesh Chandra Yadav","Lok Sabha","Bihar","MADHEPURA","150070866.11","92486814","61.628760063401224","105","51","67.3076923076923","-54","57584052.110000014","87211021","87211021","5275793","5.70437316610344","","","",""
"","6a90d9df60cc5ec1e4c305ec","Manickam Tagore B","Lok Sabha","Tamil Nadu","VIRUDHUNAGAR","147000000","90165437","61.33703197278911","69","19","78.4090909090909","-50","56834563","73873945","73873945","16291492","18.068444563741203","","","",""
"","6a90d9e260cc5ec1e4c3095f","Shri Dorjee Tshering Lepcha (2024-30)","Rajya Sabha","Sikkim","Sitting Rajya Sabha","150170726.11","91921040","61.21102453261621","85","33","72.03389830508475","-52","58249686.110000014","84930114","84930114","6990926","7.605359991575378","","","",""
"","6a90d9e260cc5ec1e4c309d8","Shri Tejveer Singh (2024-30)","Rajya Sabha","Uttar Pradesh","Sitting Rajya Sabha","147000000","89900058","61.15650204081633","53","33","61.627906976744185","-20","57099942","61465997","61465997","28434061","31.628523532209513","","","",""
"","6a90d9df60cc5ec1e4c3069b","Shri Karti P Chidambaram ","Lok Sabha","Tamil Nadu","SIVAGANGA","159049284.11","97237605","61.136776279200056","117","67","63.58695652173913","-50","61811679.110000014","74356902","74356902","22880703","23.530714274585435","","","",""
"","6a90d9e260cc5ec1e4c30934","Dr. Sikander Kumar (2022-28)","Rajya Sabha","Himachal Pradesh","Sitting Rajya Sabha","207863957.11","126961197.04","61.078985893072904","168","226","42.63959390862944","58","80902760.07000001","89454329.04","89454329.04","37506868","29.541993045468217","","","",""
"","6a90d9e260cc5ec1e4c309b7","Shri Ratanjit Pratap Narain Singh (2024-30)","Rajya Sabha","Uttar Pradesh","Sitting Rajya Sabha","147000000","89673432","61.00233469387754","83","42","66.4","-41","57326568","76802551","76802551","12870881","14.353059443514999","","","",""
"","6a90d9df60cc5ec1e4c3050f","Asit Kumar Mal ","Lok Sabha","West Bengal","BOLPUR","275694456.74","167302248","60.68393611474685","134","68","66.33663366336634","-66","108392208.74000001","150323234","150323234","16979014","10.14870642981438","","","",""
"","6a90d9df60cc5ec1e4c30564","Dr Mohammad Jawed","Lok Sabha","Bihar","KISHANGANJ","148669229.11","89065400","59.90842929178083","130","74","63.725490196078425","-56","59603829.110000014","83945400","83945400","5120000","5.748584747836983","","","",""
"","6a90d9df60cc5ec1e4c30528","BHARTI PARDHI","Lok Sabha","Madhya Pradesh","BALAGHAT","154398389.01","92426127","59.86210581122954","80","85","48.484848484848484","5","61972262.00999999","44802146","44802146","47623981","51.52653534860332","","","",""
"","6a90d9df60cc5ec1e4c306a4","Shri Satish Kumar Gautam ","Lok Sabha","Uttar Pradesh","ALIGARH","147000000","87713538","59.669073469387754","21","55","27.631578947368425","34","59286462","24736769","24736769","62976769","71.79823142010302","","","",""
"","6a90d9df60cc5ec1e4c3066f","Sanjay Seth ","Lok Sabha","Jharkhand","RANCHI","147064357.11","87621580","59.580432486752386","49","101","32.666666666666664","52","59442777.110000014","29564600","29564600","58056980","66.25876867319673","","","",""
"","6a90d9df60cc5ec1e4c305cb","Kiren Rijiju","Lok Sabha","Arunachal Pradesh","ARUNACHAL WEST","147000000","87533016","59.5462693877551","114","17","87.02290076335878","-97","59466984","80040499","80040499","7492517","8.559646796587016","","","",""
"","6a90d9df60cc5ec1e4c3055a","Dileshwar Kamait ","Lok Sabha","Bihar","SUPAUL","150450930.89","89329681","59.37462830676142","46","85","35.11450381679389","39","61121249.889999986","60629237","60629237","28700444","32.128676245916516","","","",""
"","6a90d9df60cc5ec1e4c305af","K E PRAKASH","Lok Sabha","Tamil Nadu","ERODE","147000000","87182728","59.307978231292516","141","101","58.26446280991735","-40","59817272","78048880","78048880","9133848","10.476671480158316","","","",""
"","6a90d9df60cc5ec1e4c3053f","CHANDRA SHEKHAR","Lok Sabha","Uttar Pradesh","NAGINA","147000000","87033825","59.206683673469385","286","227","55.7504873294347","-59","59966175","61564493","61564493","25469332","29.263716721630928","","","",""
"","6a90d9df60cc5ec1e4c305a3","Janardan Mishra","Lok Sabha","Madhya Pradesh","REWA","147000000","86935425","59.139744897959176","1","106","0.9345794392523363","105","60064575","1125327","1125327","85810098","98.70555990265188","","","",""
"","6a90d9df60cc5ec1e4c304dd","ADITYA YADAV","Lok Sabha","Uttar Pradesh","BADAUN","147000000","86893966","59.11154149659864","41","64","39.04761904761905","23","60106034","31363039","31363039","55530927","63.90653983960175","","","",""
"","6a90d9df60cc5ec1e4c30548","CN Annadurai","Lok Sabha","Tamil Nadu","TIRUVANNAMALAI","148579509.11","87500808","58.89157160643145","171","23","88.14432989690721","-148","61078701.110000014","79786644","79786644","7714164","8.81610601812957","","","",""
"","6a90d9df60cc5ec1e4c306ce","Suresh Kumar Kashyap","Lok Sabha","Himachal Pradesh","SHIMLA","153563957.11","90424211","58.88374635672346","83","446","15.689981096408317","363","63139746.110000014","21196476","21196476","69227735","76.55884882423801","","","",""
"","6a90d9df60cc5ec1e4c306ec","VIRENDRA SINGH","Lok Sabha","Uttar Pradesh","CHANDAULI","147000000","86345853","58.73867551020409","13","22","37.142857142857146","9","60654147","60651663","60651663","25694190","29.757294771296085","","","",""
"","6a90d9df60cc5ec1e4c30606","NALIN SOREN","Lok Sabha","Jharkhand","DUMKA","147364097.11","86550781","58.73261038297145","106","319","24.941176470588236","213","60813316.110000014","30263976","30263976","56286805","65.03327220120636","","","",""
"","6a90d9df60cc5ec1e4c305d8","LALJI VERMA","Lok Sabha","Uttar Pradesh","AMBEDKAR NAGAR","147000000","86165424","58.61593469387755","61","202","23.193916349809886","141","60834576","45423544","45423544","40741880","47.283327939058246","","","",""
"","6a90d9df60cc5ec1e4c305a2","Jai Prakash","Lok Sabha","Uttar Pradesh","HARDOI","147000000","85755277","58.33692312925171","3","21","12.5","18","61244723","18939014","18939014","66816263","77.91504539131743","","","",""
"","6a90d9df60cc5ec1e4c30586","Ganesan Selvam","Lok Sabha","Tamil Nadu","KANCHEEPURAM","186508749.11","108395338","58.11809822179982","272","177","60.57906458797328","-95","78113411.11000001","96245925","96245925","12149413","11.208427617062275","","","",""
"","6a90d9e260cc5ec1e4c30991","Shri Mukul Wasnik (2022-28)","Rajya Sabha","Rajasthan","Sitting Rajya Sabha","196063957.11","113851736.01","58.06867192123663","94","79","54.33526011560693","-15","82212221.10000001","74795735","74795735","39056001.010000005","34.30426480854853","","","",""
"","6a90d9df60cc5ec1e4c30651","RAMBHUAL NISHAD","Lok Sabha","Uttar Pradesh","SULTANPUR","151231957.11","87473694","57.84074720158199","6","46","11.538461538461538","40","63758263.110000014","54336205","54336205","33137489","37.88280508652121","","","",""
"","6a90d9df60cc5ec1e4c304ea","ALFRED KANNGAM S ARTHUR","Lok Sabha","Manipur","OUTER MANIPUR","147000000","84951963","57.79045102040816","15","20","42.857142857142854","5","62048037","29751963","29751963","55200000","64.97789815639693","","","",""
"","6a90d9e260cc5ec1e4c309a2","Shri Pradip Kumar Varma (2024-30)","Rajya Sabha","Jharkhand","Sitting Rajya Sabha","178564551.09","101069118","56.60088600063694","24","214","10.084033613445378","190","77495433.09","20485000","20485000","80584118","79.73169212775755","","","",""
"","6a90d9df60cc5ec1e4c3057a","Durga Das Uikey ","Lok Sabha","Madhya Pradesh","BETUL","151569502.91","85636977","56.500137135667806","288","214","57.37051792828686","-74","65932525.91","67364911","67364911","18272066","21.336654608908017","","","",""
"","6a90d9e260cc5ec1e4c3099b","Shri P. Chidambaram (2022-28)","Rajya Sabha","Tamil Nadu","Sitting Rajya Sabha","236312242.52","133481597","56.485265247611096","75","69","52.083333333333336","-6","102830645.52000001","71448372","71448372","62033225","46.473241551043174","","","",""
"","6a90d9df60cc5ec1e4c306d3","TANUJ PUNIA","Lok Sabha","Uttar Pradesh","BARABANKI","148198170.11","83397272","56.27415772954445","13","20","39.39393939393939","7","64800898.110000014","38479343","38479343","44917929","53.86018981532153","","","",""
"","6a90d9df60cc5ec1e4c30509","Arvind Dharmapuri","Lok Sabha","Telangana","NIZAMABAD","281396355.11","158096817","56.182965461012714","476","440","51.96506550218341","-36","123299538.11000001","147505027","147505027","10591790","6.699559295997718","","","",""
"","6a90d9df60cc5ec1e4c3054e","DAROGA PRASAD SAROJ","Lok Sabha","Uttar Pradesh","LALGANJ","147000000","82499872","56.12236190476191","58","236","19.727891156462583","178","64500128","21279304","21279304","61220568","74.20686422398329","","","",""
"","6a90d9df60cc5ec1e4c305e4","Mahesh Sharma","Lok Sabha","Uttar Pradesh","GAUTAM BUDDHA NAGAR","148816284.11","83408358","56.04787036501149","68","103","39.76608187134503","35","65407926.110000014","57908132","57908132","25500226","30.572746678456376","","","",""
"","6a90d9e260cc5ec1e4c30938","Dr. Vikramjit Singh Sahney (2022-28)","Rajya Sabha","Punjab","Sitting Rajya Sabha","198656208.57000002","111224375.74","55.988371337917755","27","33","45","6","87431832.83000003","60373951.74","60373951.74","50850423.99999999","45.718776717496546","","","",""
"","6a90d9e260cc5ec1e4c30995","Shri Naresh Bansal (2020-26)","Rajya Sabha","Uttarakhand","Sitting Rajya Sabha","222043184.71","124316327","55.98745449555843","106","127","45.493562231759654","21","97726857.71000001","96802546","96802546","27513781","22.13207360928545","","","",""
"","6a90d9df60cc5ec1e4c306df","V S Matheswaran","Lok Sabha","Tamil Nadu","NAMAKKAL","162539930.11","90580955","55.7284323542521","139","70","66.50717703349282","-69","71958975.11000001","90232364","90232364","348591","0.38483917507824905","","","",""
"","6a90d9df60cc5ec1e4c305b1","K Subbarayan","Lok Sabha","Tamil Nadu","TIRUPPUR","147000000","81901423","55.715253741496596","65","53","55.08474576271186","-12","65098577","67913861","67913861","13987562","17.078533543916567","","","",""
"","6a90d9df60cc5ec1e4c30553","DEVESH SHAKYA","Lok Sabha","Uttar Pradesh","ETAH","147000000","81351075","55.34086734693877","220","106","67.48466257668711","-114","65648925","53713019","53713019","27638056","33.9738055090237","","","",""
"","6a90d9df60cc5ec1e4c30592","Gyaneshwar Patil","Lok Sabha","Madhya Pradesh","KHANDWA","155690684.77","86011926","55.24539000330327","164","222","42.487046632124354","58","69678758.77000001","53503477","53503477","32508449","37.79528085442477","","","",""
"","6a90d9e260cc5ec1e4c3098d","Shri Meda Raghunadha Reddy (2024-30)","Rajya Sabha","Andhra Pradesh","Sitting Rajya Sabha","147000000","81094462","55.16630068027211","110","139","44.17670682730924","29","65905538","64019913","64019913","17074549","21.055135676219173","","","",""
"","6a90d9df60cc5ec1e4c30680","SHASHANK MANI","Lok Sabha","Uttar Pradesh","DEORIA","147000000","80936917","55.05912721088435","45","81","35.714285714285715","36","66063083","50341922","50341922","30594995","37.801038307401804","","","",""
"","6a90d9df60cc5ec1e4c3053d","CHANDAN CHAUHAN","Lok Sabha","Uttar Pradesh","BIJNOR","147000000","80796698","54.96374013605442","14","102","12.068965517241379","88","66203302","11364013","11364013","69432685","85.93505269237612","","","",""
"","6a90d9df60cc5ec1e4c3069f","Shri Narendra Modi","Lok Sabha","Uttar Pradesh","VARANASI","162070276.11","88819703","54.80320335834836","191","25","88.42592592592592","-166","73250573.11000001","88819703","88819703","0","0","","","",""
"","6a90d9df60cc5ec1e4c306d4","TARIQ ANWAR","Lok Sabha","Bihar","KATIHAR","147000000","79735060","54.24153741496599","60","26","69.76744186046511","-34","67264940","58505060","58505060","21230000","26.625677587751234","","","",""
"","6a90d9df60cc5ec1e4c30678","SAVITRI THAKUR","Lok Sabha","Madhya Pradesh","DHAR","147000000","79325366","53.962834013605445","179","160","52.8023598820059","-19","67674634","58812391","58812391","20512975","25.85928818784145","","","",""
"","6a90d9df60cc5ec1e4c306e6","Vijay Kumar Dubey","Lok Sabha","Uttar Pradesh","KUSHI NAGAR","148900000","80256423","53.89954533243788","132","90","59.45945945945946","-42","68643577","58294797","58294797","21961626","27.36432198080894","","","",""
"","6a90d9e260cc5ec1e4c309b9","Shri Rwngwra Narzary (2022-28)","Rajya Sabha","Assam","Sitting Rajya Sabha","220563957.11","118006237","53.502049267799336","16","150","9.63855421686747","134","102557720.11000001","18169662","18169662","99836575","84.60279518954579","","","",""
"","6a90d9e260cc5ec1e4c30992","Shri Nagendra Ray (2023-29)","Rajya Sabha","West Bengal","Sitting Rajya Sabha","171500000","91735859","53.49029679300291","2","20","9.090909090909092","18","79764141","23775426","23775426","67960433","74.08273464796356","","","",""
"","6a90d9df60cc5ec1e4c306b5","Smt Harsimrat Kaur Badal","Lok Sabha","Punjab","BHATINDA","159775982.39","85099499","53.26175920000238","147","206","41.64305949008499","59","74676483.38999999","47784075","47784075","37315424","43.84917001685286","","","",""
"","6a90d9df60cc5ec1e4c305c4","KANWAR SINGH TANWAR","Lok Sabha","Uttar Pradesh","AMROHA","147000000","78135018","53.153073469387756","59","46","56.19047619047619","-13","68864982","65163043","65163043","12971975","16.60199911901217","","","",""
"","6a90d9df60cc5ec1e4c306ee","Vishnu Dayal Ram","Lok Sabha","Jharkhand","PALAMU","158176083.11","83852477","53.01210862686913","117","154","43.17343173431734","37","74323606.11000001","60158321","60158321","23694156","28.256954174412762","","","",""
"","6a90d9df60cc5ec1e4c305ea","MALVINDER SINGH KANG","Lok Sabha","Punjab","ANANDPUR SAHIB","147000000","77875294","52.976390476190474","109","236","31.594202898550726","127","69124706","40027429","40027429","37847865","48.60060624618637","","","",""
"","6a90d9df60cc5ec1e4c305b8","KALI CHARAN MUNDA","Lok Sabha","Jharkhand","KHUNTI","147000000","77772545","52.90649319727891","31","274","10.163934426229508","243","69227455","19500000","19500000","58272545","74.92688454518236","","","",""
"","6a90d9df60cc5ec1e4c3054a","D Ravikumar ","Lok Sabha","Tamil Nadu","VILUPPURAM","197598306.11","104427486","52.848371049226905","222","66","77.08333333333334","-156","93170820.11000001","102865450","102865450","1562036","1.4958092546630875","","","",""
"","6a90d9e260cc5ec1e4c309e0","Shri Vivek K. Tankha (2022-28)","Rajya Sabha","Madhya Pradesh","Sitting Rajya Sabha","220563957.11","116275421","52.717326313660095","118","388","23.3201581027668","270","104288536.11000001","42868866","42868866","73406555","63.1316183323043","","","",""
"","6a90d9e260cc5ec1e4c3096d","Shri Imran Pratapgarhi (2022-28)","Rajya Sabha","Maharashtra","Sitting Rajya Sabha","196000000","102738277","52.41748826530612","53","55","49.074074074074076","2","93261723","49803712","49803712","52934565","51.52370328344128","","","",""
"","6a90d9df60cc5ec1e4c3068c","Shri Anil Firojiya","Lok Sabha","Madhya Pradesh","UJJAIN","147000000","76951399","52.34789047619047","152","96","61.29032258064516","-56","70048601","42096894","42096894","34854505","45.29417977183235","","","",""
"","6a90d9df60cc5ec1e4c3067f","Shankar Lalwani","Lok Sabha","Madhya Pradesh","INDORE","147000000","76896131","52.31029319727891","145","137","51.41843971631206","-8","70103869","55202558","55202558","21693573","28.211527313383293","","","",""
"","6a90d9df60cc5ec1e4c304f3","ANAND BHADAURIYA","Lok Sabha","Uttar Pradesh","DHAURAHRA","147000000","76758938","52.21696462585034","132","45","74.57627118644068","-87","70241062","38721345","38721345","38037593","49.554610825907986","","","",""
"","6a90d9df60cc5ec1e4c305bb","Kalyan Banerjee","Lok Sabha","West Bengal","SREERAMPUR","147000000","76719145","52.18989455782312","83","37","69.16666666666667","-46","70280855","59028419","59028419","17690726","23.059076062435263","","","",""
"","6a90d9df60cc5ec1e4c30675","Sasikanth Senthil","Lok Sabha","Tamil Nadu","TIRUVALLUR","171500000","89433784","52.14797900874636","87","95","47.8021978021978","8","82066216","52351176","52351176","37082608","41.46375825940676","","","",""
"","6a90d9e260cc5ec1e4c30994","Shri Narayanasa K. Bhandage (2024-30)","Rajya Sabha","Karnataka","Sitting Rajya Sabha","147450000","76863625","52.1286029162428","87","69","55.769230769230774","-18","70586375","68036055","68036055","8827570","11.484717250845247","","","",""
"","6a90d9df60cc5ec1e4c3054c","DAGGUMALLA PRASADA RAO","Lok Sabha","Andhra Pradesh","CHITTOOR","147000000","76341346","51.932888435374146","111","115","49.11504424778761","4","70658654","58562176","58562176","17779170","23.289044445194875","","","",""
"","6a90d9df60cc5ec1e4c30603","MURASOLI S","Lok Sabha","Tamil Nadu","THANJAVUR","147000000","76201785","51.83794897959184","45","44","50.56179775280899","-1","70798215","66622387","66622387","9579398","12.571093971092672","","","",""
"","6a90d9df60cc5ec1e4c305d3","KRISHNA DEVI SHIVSHANKER PATEL","Lok Sabha","Uttar Pradesh","BANDA","147000000","75878699.67","51.61816304081632","202","240","45.70135746606335","38","71121300.33","46541122.12","46541122.12","29337577.550000004","38.66378532788582","","","",""
"","6a90d9e260cc5ec1e4c30957","Shri Chunnilal Garasiya (2024-30)","Rajya Sabha","Rajasthan","Sitting Rajya Sabha","147000000","75813515","51.573819727891156","24","153","13.559322033898304","129","71186485","39527191","39527191","36286324","47.86260602743456","","","",""
"","6a90d9df60cc5ec1e4c305fd","Mr Gopal Jee Thakur","Lok Sabha","Bihar","DARBHANGA","147000000","75767756","51.54269115646258","59","120","32.960893854748605","61","71232244","28699256","28699256","47068500","62.12207208565079","","","",""
"","6a90d9df60cc5ec1e4c30652","RAMESH AWASTHI","Lok Sabha","Uttar Pradesh","KANPUR","147000000","75758324","51.53627482993197","48","66","42.10526315789473","18","71241676","49892280","49892280","25866044","34.14284085798941","","","",""
"","6a90d9df60cc5ec1e4c30531","Bidyut Baran Mahato","Lok Sabha","Jharkhand","JAMSHEDPUR","147000000","75745972","51.52787210884354","2","176","1.1235955056179776","174","71254028","1141000","1141000","74604972","98.49364927286166","","","",""
"","6a90d9df60cc5ec1e4c306ea","VINOD KUMAR BIND","Lok Sabha","Uttar Pradesh","BHADOHI","147000000","75517267","51.37229047619047","407","137","74.81617647058823","-270","71482733","52573170","52573170","22944097","30.382583893032038","","","",""
"","6a90d9e260cc5ec1e4c309a6","Shri Pramod Tiwari (2022-28)","Rajya Sabha","Rajasthan","Sitting Rajya Sabha","196063957.11","100649660","51.335116093536435","64","67","48.854961832061065","3","95414297.11000001","64986789","64986789","35662871","35.432679057236754","","","",""
"","6a90d9df60cc5ec1e4c30572","DR. RAJ KUMAR CHABBEWAL","Lok Sabha","Punjab","HOSHIARPUR","147000000","75344197","51.25455578231293","93","186","33.33333333333333","93","71655803","33721626","33721626","41622571","55.24323392815508","","","",""
"","6a90d9df60cc5ec1e4c304e5","Ajay Kumar Mandal","Lok Sabha","Bihar","BHAGALPUR","147000000","75252620","51.192258503401355","38","36","51.35135135135135","-2","71747380","38763615","38763615","36489005","48.488683849147044","","","",""
"","6a90d9e260cc5ec1e4c30969","Shri Harsh Mahajan (2024-30)","Rajya Sabha","Himachal Pradesh","Sitting Rajya Sabha","147000000","74931105","50.97354081632653","152","309","32.97180043383948","157","72068895","37740073","37740073","37191032","49.63363612481092","","","",""
"","6a90d9df60cc5ec1e4c306de","UTKARSH VERMA MADHUR","Lok Sabha","Uttar Pradesh","KHERI","147000000","74909150","50.958605442176875","347","13","96.38888888888889","-334","72090850","72238022","72238022","2671128","3.5658234007461034","","","",""
"","6a90d9df60cc5ec1e4c305fb","MOHIBBULLAH","Lok Sabha","Uttar Pradesh","RAMPUR","147000000","74744421","50.84654489795918","219","161","57.631578947368425","-58","72255579","56635005","56635005","18109416","24.228451779698716","","","",""
"","6a90d9df60cc5ec1e4c30629","Pratima Mondal ","Lok Sabha","West Bengal","JOYNAGAR","147000000","74379705","50.5984387755102","169","54","75.7847533632287","-115","72620295","67497029","67497029","6882676","9.253432774437597","","","",""
"","6a90d9df60cc5ec1e4c30643","RAJESH VERMA","Lok Sabha","Bihar","KHAGARIA","147000000","74186362","50.46691292517007","67","9","88.1578947368421","-58","72813638","72871598","72871598","1314764","1.7722448770300936","","","",""
"","6a90d9df60cc5ec1e4c30638","RADHE SHYAM RATHIYA","Lok Sabha","Chhattisgarh","RAIGARH","159706972.09","80152296","50.18709887933485","72","66","52.17391304347826","-6","79554676.09","56870399","56870399","23281897","29.04707433458924","","","",""
"","6a90d9e260cc5ec1e4c309f8","Smt. Sonia Gandhi (2024-30)","Rajya Sabha","Rajasthan","Sitting Rajya Sabha","147000000","73650240","50.10220408163265","46","82","35.9375","36","73349760","42569181","42569181","31081059","42.200893031713136","","","",""
"","6a90d9df60cc5ec1e4c3061e","PRABHAKAR REDDY VEMIREDDY","Lok Sabha","Andhra Pradesh","NELLORE","147000000","73610054","50.074866666666665","123","34","78.343949044586","-89","73389946","66129328","66129328","7480726","10.162641641317096","","","",""
"","6a90d9df60cc5ec1e4c304d9","ABHAY KUMAR SINHA","Lok Sabha","Bihar","AURANGABAD","147000000","73566109","50.04497210884353","124","147","45.75645756457565","23","73433891","56408191","56408191","17157918","23.323128317143972","","","",""
"","6a90d9e260cc5ec1e4c309d5","Shri Surendra Singh Nagar (2022-28)","Rajya Sabha","Uttar Pradesh","Sitting Rajya Sabha","220563957.11","109500434.16","49.64566087531235","98","200","32.88590604026846","102","111063522.95000002","55618024","55618024","53882410.16","49.20748540710626","","","",""
"","6a90d9e260cc5ec1e4c3094b","Shri Babubhai Jesangbhai Desai (2023-29)","Rajya Sabha","Gujarat","Sitting Rajya Sabha","171500000","84930425","49.522113702623905","137","145","48.58156028368794","8","86569575","68091874","68091874","16838551","19.826288400181678","","","",""
"","6a90d9df60cc5ec1e4c30660","ROOP KUMARI CHOUDHARY","Lok Sabha","Chhattisgarh","MAHASAMUND","153035414","75772172","49.512834983411096","72","107","40.22346368715084","35","77263242","42184962","42184962","33587210","44.32657678072103","","","",""
"","6a90d9df60cc5ec1e4c30642","RAJESH RANJAN ALIAS PAPPU YADAV","Lok Sabha","Bihar","PURNEA","147000000","72622818","49.40327755102041","46","125","26.900584795321635","79","74377182","47774818","47774818","24848000","34.215141582635916","","","",""
"","6a90d9df60cc5ec1e4c3051c","BALRAM NAIK PORIKA","Lok Sabha","Telangana","MAHABUBABAD","147000000","72320239","49.197441496598636","238","121","66.29526462395543","-117","74679761","58126519","58126519","14193720","19.626207264055086","","","",""
"","6a90d9df60cc5ec1e4c30590","Gumma Thanuja Rani","Lok Sabha","Andhra Pradesh","ARAKU","149458905.11","73149314","48.94276051745659","28","104","21.21212121212121","76","76309591.11000001","39390323","39390323","33758991","46.150796438091","","","",""
"","6a90d9df60cc5ec1e4c305b7","Kalanidhi Veeraswamy","Lok Sabha","Tamil Nadu","CHENNAI NORTH","171500000","83933669","48.94091486880466","40","60","40","20","87566331","58102632","58102632","25831037","30.77553657281442","","","",""
"","6a90d9df60cc5ec1e4c3063e","RAJA RAM SINGH","Lok Sabha","Bihar","KARAKAT","147000000","71841783","48.871961224489795","114","212","34.96932515337423","98","75158217","49586273","49586273","22255510","30.978504528485885","","","",""
"","6a90d9df60cc5ec1e4c305ba","KALIPADA SAREN","Lok Sabha","West Bengal","JHARGRAM","147000000","71784126","48.8327387755102","40","23","63.49206349206349","-17","75215874","64525426","64525426","7258700","10.11184561890466","","","",""
"","6a90d9df60cc5ec1e4c30689","Shri Abhishek Banerjee","Lok Sabha","West Bengal","DIAMOND HARBOUR","147000000","71510891","48.64686462585034","200","120","62.5","-80","75489109","51994006","51994006","19516885","27.292185465847435","","","",""
"","6a90d9df60cc5ec1e4c304f6","Andimuthu Raja","Lok Sabha","Tamil Nadu","NILGIRIS","147000000","71485310","48.62946258503401","73","41","64.03508771929825","-32","75514690","57023342","57023342","14461968","20.23068515755195","","","",""
"","6a90d9df60cc5ec1e4c305de","M.K. VISHNUPRASAD","Lok Sabha","Tamil Nadu","CUDDALORE","147000000","71295556","48.500378231292515","74","40","64.91228070175438","-34","75704444","58612994","58612994","12682562","17.788713226389593","","","",""
"","6a90d9df60cc5ec1e4c304e2","AFZAL ANSARI","Lok Sabha","Uttar Pradesh","GHAZIPUR","220500000","106722563","48.40025532879819","35","396","8.120649651972158","361","113777437","34821719","34821719","71900844","67.37173656520974","","","",""
"","6a90d9df60cc5ec1e4c305a1","JAI PARKASH","Lok Sabha","Haryana","HISAR","147000000","71088815","48.3597380952381","68","375","15.349887133182843","307","75911185","17152376","17152376","53936439","75.87190615007438","","","",""
"","6a90d9df60cc5ec1e4c305cc","Kirti Vardhan Singh","Lok Sabha","Uttar Pradesh","GONDA","147000000","71075338","48.35057006802721","35","118","22.875816993464053","83","75924662","31368454","31368454","39706884","55.86590949451412","","","",""
"","6a90d9df60cc5ec1e4c30532","BIJULI KALITA MEDHI","Lok Sabha","Assam","GUWAHATI","147000000","71052648","48.33513469387755","5","145","3.3333333333333335","140","75947352","6650000","6650000","64402648","90.64074290376905","","","",""
"","6a90d9e260cc5ec1e4c309f9","Smt. Sudha Murty (2024-30)","Rajya Sabha","Karnataka","Nominated Rajya Sabha","147000000","71000000","48.29931972789115","0","10","0","10","76000000","0","0","71000000","100","","","",""
"","6a90d9e260cc5ec1e4c309b8","Shri Ravi Chandra Vaddiraju (2024-30)","Rajya Sabha","Telangana","Sitting Rajya Sabha","152732534.11","73672123","48.23603787451097","107","169","38.768115942028984","62","79060411.11000001","45607361","45607361","28064762","38.0941404389826","","","",""
"","6a90d9df60cc5ec1e4c30527","Bharatsinhji Shankarji Dabhi","Lok Sabha","Gujarat","PATAN","147000000","70906510","48.235721088435376","160","157","50.473186119873816","-3","76093490","54564711","54564711","16341799","23.0469656453265","","","",""
"","6a90d9df60cc5ec1e4c305ae","Jyotsna Charandas Mahant ","Lok Sabha","Chhattisgarh","KORBA","155153738.11","74709092","48.15165455248856","136","174","43.87096774193549","38","80444646.11000001","46950456","46950456","27758636","37.155632944916526","","","",""
"","6a90d9df60cc5ec1e4c30626","Prasun Banerjee","Lok Sabha","West Bengal","HOWRAH","147000000","70699743","48.09506326530612","136","78","63.55140186915887","-58","76300257","55720622","55720622","14979121","21.186952546630895","","","",""
"","6a90d9df60cc5ec1e4c305ce","KISHORI LAL","Lok Sabha","Uttar Pradesh","AMETHI","171500000","82481354","48.094083965014576","19","31","38","12","89018646","31769442","31769442","50711912","61.48288011857807","","","",""
"","6a90d9df60cc5ec1e4c30648","Rajnath Singh","Lok Sabha","Uttar Pradesh","LUCKNOW","154808797.11","74407887","48.06437902048239","31","71","30.392156862745097","40","80400910.11000001","27144116","27144116","47263771","63.51984030940161","","","",""
"","6a90d9df60cc5ec1e4c3050e","Ashok Kumar Yadav ","Lok Sabha","Bihar","MADHUBANI","147000000","70438959","47.917659183673464","81","108","42.857142857142854","27","76561041","47148959","47148959","23290000","33.06408886593568","","","",""
"","6a90d9df60cc5ec1e4c304ee","AMARSING TISSO","Lok Sabha","Assam","Diphu","147000000","70287578","47.81467891156462","41","53","43.61702127659575","12","76712422","38163498","38163498","32124080","45.703779976598426","","","",""
"","6a90d9df60cc5ec1e4c3068f","Shri B Y Raghavendra ","Lok Sabha","Karnataka","SHIMOGA","147000000","70061261","47.66072176870748","49","213","18.702290076335878","164","76938739","21057305","21057305","49003956","69.94443905313095","","","",""
"","6a90d9e260cc5ec1e4c309eb","Smt. Maya Naroliya (2024-30)","Rajya Sabha","Madhya Pradesh","Sitting Rajya Sabha","147000000","70041767","47.64746054421769","16","140","10.256410256410255","124","76958233","16663844","16663844","53377923","76.20870415790624","","","",""
"","6a90d9df60cc5ec1e4c3062c","PRIYA SAROJ","Lok Sabha","Uttar Pradesh","MACHHLISHAHR","147000000","69805592","47.48679727891157","725","670","51.971326164874554","-55","77194408","34383272","34383272","35422320","50.744244100100175","","","",""
"","6a90d9df60cc5ec1e4c30636","Radha Mohan Singh","Lok Sabha","Bihar","PURVI CHAMPARAN","147000000","69803891","47.48564013605442","60","64","48.38709677419355","4","77196109","59914195","59914195","9889696","14.167829125743147","","","",""
"","6a90d9df60cc5ec1e4c305f5","Mansukhbhai Dhanjibhai Vasava","Lok Sabha","Gujarat","BHARUCH","147000000","69778294","47.46822721088436","204","194","51.256281407035175","-10","77221706","58774921","58774921","11003373","15.769048466561822","","","",""
"","6a90d9e260cc5ec1e4c30960","Shri G.C. Chandrashekhar (2024-30)","Rajya Sabha","Karnataka","Sitting Rajya Sabha","147000000","69767504","47.460887074829934","62","135","31.472081218274113","73","77232496","31430789","31430789","38336715","54.949242558541286","","","",""
"","6a90d9e260cc5ec1e4c30979","Shri Kapil Sibal (2022-28)","Rajya Sabha","Uttar Pradesh","Sitting Rajya Sabha","196063957.11","92839935.12","47.351862365969154","64","155","29.22374429223744","91","103224021.99000001","42170641.12","42170641.12","50669294.00000001","54.577045895721014","","","",""
"","6a90d9df60cc5ec1e4c3051d","BALWANT BASWANT WANKHADE","Lok Sabha","Maharashtra","AMRAVATI","198293678","93790658","47.298864465058735","51","116","30.538922155688624","65","104503020","45228630","45228630","48562028","51.77704158979245","","","",""
"","6a90d9e260cc5ec1e4c3092f","Dr. Sangeeta Balwant (2024-30)","Rajya Sabha","Uttar Pradesh","Sitting Rajya Sabha","147000000","68851419.5","46.83770034013606","2","383","0.5194805194805194","381","78148580.5","1049186","1049186","67802233.5","98.47615923154642","","","",""
"","6a90d9e260cc5ec1e4c30952","Shri Brij Lal (2020-26)","Rajya Sabha","Uttar Pradesh","Sitting Rajya Sabha","196063957.11","91370638","46.60246551523862","113","37","75.33333333333333","-76","104693319.11000001","10641068","10641068","80729570","88.35395239332793","","","",""
"","6a90d9df60cc5ec1e4c306d0","Swami Sachchidanandhari Sakshi ji Maharaj ","Lok Sabha","Uttar Pradesh","UNNAO","147000000","68421377","46.54515442176871","12","77","13.48314606741573","65","78578623","15871450","15871450","52549927","76.80337535445976","","","",""
"","6a90d9df60cc5ec1e4c306d9","Thirumaa Valavan Thol","Lok Sabha","Tamil Nadu","CHIDAMBARAM","147000000","68203692","46.3970693877551","45","32","58.44155844155844","-13","78796308","42695846","42695846","25507846","37.399509105753395","","","",""
"","6a90d9e260cc5ec1e4c309dd","Shri V. Vijayendra Prasad (2022-28)","Rajya Sabha","Andhra Pradesh","Nominated Rajya Sabha","196063957.11","90827947","46.325672672740026","74","121","37.94871794871795","47","105236010.11000001","66259842","66259842","24568105","27.049059030256405","","","",""
"","6a90d9df60cc5ec1e4c30569","DR. HEMANG JOSHI","Lok Sabha","Gujarat","VADODARA","147000000","68089263","46.31922653061225","71","134","34.63414634146341","63","78910737","44784968","44784968","23304295","34.22609376752984","","","",""
"","6a90d9df60cc5ec1e4c30583","Gajendra Singh Patel","Lok Sabha","Madhya Pradesh","KHARGONE","147000000","68043845","46.28832993197279","104","232","30.952380952380953","128","78956155","25228815","25228815","42815030","62.92270814502032","","","",""
"","6a90d9e260cc5ec1e4c30931","Dr. Sarfraz Ahmad (2024-30)","Rajya Sabha","Jharkhand","Sitting Rajya Sabha","178564551.09","82543604","46.22619859100501","20","273","6.825938566552901","253","96020947.09","20339442","20339442","62204162","75.35915441734286","","","",""
"","6a90d9df60cc5ec1e4c30656","RANJIT DUTTA","Lok Sabha","Assam","Sonitpur","147000000","67903341","46.19274897959183","22","127","14.76510067114094","105","79096659","18176265","18176265","49727076","73.23214921044901","","","",""
"","6a90d9df60cc5ec1e4c30506","ARUN NEHRU","Lok Sabha","Tamil Nadu","PERAMBALUR","147000000","67653424","46.02273741496599","54","28","65.85365853658537","-26","79346576","58995308","58995308","8658116","12.797749896590599","","","",""
"","6a90d9df60cc5ec1e4c30695","Shri Hanuman Beniwal","Lok Sabha","Rajasthan","NAGAUR","147000000","67502015","45.919738095238095","177","75","70.23809523809523","-102","79497985","51926601","51926601","15575414","23.073998605819394","","","",""
"","6a90d9df60cc5ec1e4c30694","Shri Gurjeet Singh Aujla","Lok Sabha","Punjab","AMRITSAR","147000000","67439837","45.87744013605442","91","190","32.38434163701068","99","79560163","38537872","38537872","28901965","42.855923569328915","","","",""
"","6a90d9e260cc5ec1e4c30966","Shri Harbhajan Singh (2022-28)","Rajya Sabha","Punjab","Sitting Rajya Sabha","220984094.27","101056126.52","45.730045347303985","77","119","39.285714285714285","42","119927967.75000001","49629975.52","49629975.52","51426150.99999999","50.888701923304225","","","",""
"","6a90d9df60cc5ec1e4c30501","Anurag Sharma ","Lok Sabha","Uttar Pradesh","JHANSI","147000000","67201462","45.71528027210884","85","83","50.595238095238095","-2","79798538","43132735","43132735","24068727","35.815778829335585","","","",""
"","6a90d9df60cc5ec1e4c304f4","ANAND KUMAR","Lok Sabha","Uttar Pradesh","BAHRAICH","147000000","66987751","45.56989863945578","32","79","28.82882882882883","47","80012249","38304273","38304273","28683478","42.81898940001733","","","",""
"","6a90d9df60cc5ec1e4c30681","Shatrughan Sinha","Lok Sabha","West Bengal","ASANSOL","147000000","66966504","45.555444897959184","5","22","18.51851851851852","17","80033496","21666204","21666204","45300300","67.64620712468431","","","",""
"","6a90d9e260cc5ec1e4c3093b","Prof. Manoj Kumar Jha (2024-30)","Rajya Sabha","Bihar","Sitting Rajya Sabha","191620112.11","87200986","45.50722000931825","110","66","62.5","-44","104419126.11000001","86001095","86001095","1199891","1.376006230021298","","","",""
"","6a90d9df60cc5ec1e4c30505","ARUN GOVIL","Lok Sabha","Uttar Pradesh","MEERUT","147000000","66737649","45.3997612244898","36","196","15.517241379310345","160","80262351","26677116","26677116","40060533","60.026886772712054","","","",""
"","6a90d9e260cc5ec1e4c309fa","Smt. Sulata Deo (2022-28)","Rajya Sabha","Odisha","Sitting Rajya Sabha","196084721.4","88913709","45.344536976250104","115","196","36.97749196141479","81","107171012.4","56002641","56002641","32911068","37.014616047565845","","","",""
"","6a90d9df60cc5ec1e4c305b3","K. RAJASHEKAR BASAVARAJ HITNAL","Lok Sabha","Karnataka","KOPPAL","147000000","66577182","45.2906","67","126","34.715025906735754","59","80422818","38153800","38153800","28423382","42.69237769781245","","","",""
"","6a90d9df60cc5ec1e4c305d1","Kripanath Mallah","Lok Sabha","Assam","KARIMGANJ","147000000","66488500","45.230272108843536","0","74","0","74","80511500","0","0","66488500","100","","","",""
"","6a90d9df60cc5ec1e4c30641","RAJEEV RAI","Lok Sabha","Uttar Pradesh","GHOSI","147000000","66462043","45.21227414965986","108","119","47.57709251101321","11","80537957","37961477","37961477","28500566","42.88247052531924","","","",""
"","6a90d9df60cc5ec1e4c30640","RAJEEV BHARDWAJ","Lok Sabha","Himachal Pradesh","KANGRA","179388967.11","80773156","45.026824838380655","204","424","32.48407643312102","220","98615811.11000001","43255732","43255732","37517424","46.44788672117752","","","",""
"","6a90d9df60cc5ec1e4c306dd","UMMEDA RAM BENIWAL","Lok Sabha","Rajasthan","BARMER","147000000","65781402","44.74925306122449","96","88","52.17391304347826","-8","81218598","37382842","37382842","28398560","43.17110784595318","","","",""
"","6a90d9df60cc5ec1e4c30671","SANJNA JATAV","Lok Sabha","Rajasthan","BHARATPUR","147000000","65761488.1","44.73570619047619","75","168","30.864197530864196","93","81238511.9","39324491.1","39324491.1","26436997","40.2013363198209","","","",""
"","6a90d9df60cc5ec1e4c30536","BRIJMOHAN AGRAWAL","Lok Sabha","Chhattisgarh","RAIPUR","153766451.11","68756217","44.714706298849165","38","115","24.836601307189543","77","85010234.11000001","28344221","28344221","40411996","58.77577005145586","","","",""
"","6a90d9df60cc5ec1e4c3063b","RAHUL SINGH LODHI","Lok Sabha","Madhya Pradesh","DAMOH","163058785.37","72714957","44.59432028455321","173","126","57.859531772575245","-47","90343828.37","36808824","36808824","35906133","49.37929482651004","","","",""
"","6a90d9df60cc5ec1e4c30538","C R Patil","Lok Sabha","Gujarat","NAVSARI","158532494.36","70355025","44.378930189690855","268","141","65.52567237163814","-127","88177469.36000001","64959144","64959144","5395881","7.669503351039958","","","",""
"","6a90d9df60cc5ec1e4c30579","DURAI VAIKO","Lok Sabha","Tamil Nadu","TIRUCHIRAPPALLI","147000000","65218053","44.36602244897959","45","33","57.692307692307686","-12","81781947","44163117","44163117","21054936","32.28390764747301","","","",""
"","6a90d9df60cc5ec1e4c306cc","SURENDRA PRASAD YADAV","Lok Sabha","Bihar","JAHANABAD","155325714","68477331","44.086281167843204","141","161","46.688741721854306","20","86848383","38926916","38926916","29550415","43.153572968549256","","","",""
"","6a90d9e260cc5ec1e4c30919","Dr. Anil Sukhdeorao Bonde (2022-28)","Rajya Sabha","Maharashtra","Sitting Rajya Sabha","196063957.11","86399726","44.06711323873065","50","135","27.027027027027028","85","109664231.11000001","48164206","48164206","38235520","44.25421441730035","","","",""
"","6a90d9e260cc5ec1e4c30996","Shri Naveen Jain (2024-30)","Rajya Sabha","Uttar Pradesh","Sitting Rajya Sabha","147000000","64773227","44.06341972789116","10","158","5.952380952380952","148","82226773","17873843","17873843","46899384","72.40550791147089","","","",""
"","6a90d9df60cc5ec1e4c306dc","UJJWAL RAMAN SINGH","Lok Sabha","Uttar Pradesh","ALLAHABAD","147000000","64478327","43.8628074829932","3","28","9.67741935483871","25","82521673","21127219","21127219","43351108","67.23361169094849","","","",""
"","6a90d9df60cc5ec1e4c30688","Shri  Dharambir Singh","Lok Sabha","Haryana","BHIWANI MAHENDRAGARH","147000000","64374998","43.7925156462585","103","107","49.047619047619044","4","82625002","42542737","42542737","21832261","33.914192898305025","","","",""
"","6a90d9df60cc5ec1e4c30693","Shri Deepak (Dev) Adhikari ","Lok Sabha","West Bengal","GHATAL","200747364","87788715","43.73094283818342","165","40","80.48780487804879","-125","112958649","84774237","84774237","3014478","3.433787588757849","","","",""
"","6a90d9df60cc5ec1e4c305e3","MAHESH KASHYAP","Lok Sabha","Chhattisgarh","BASTAR","147000000","63670367.5","43.31317517006802","38","168","18.446601941747574","130","83329632.5","17171172","17171172","46499195.5","73.0311404280806","","","",""
"","6a90d9df60cc5ec1e4c306cb","Sunil Kumar ","Lok Sabha","Bihar","VALMIKI NAGAR","147000000","63664429","43.30913537414966","79","183","30.15267175572519","104","83335571","61591650","61591650","2072779","3.2557882518666745","","","",""
"","6a90d9df60cc5ec1e4c3063d","RAJ KUMAR ROAT","Lok Sabha","Rajasthan","BANSWARA","147000000","63286521","43.05205510204082","23","82","21.904761904761905","59","83713479","21117279","21117279","42169242","66.63226439639493","","","",""
"","6a90d9df60cc5ec1e4c3053c","CHAMALA KIRAN KUMAR REDDY","Lok Sabha","Telangana","BHONGIR","147000000","62689273","42.64576394557823","417","71","85.45081967213115","-346","84310727","57532244","57532244","5157029","8.226334033256375","","","",""
"","6a90d9df60cc5ec1e4c305ab","JOYANTA BASUMATARY","Lok Sabha","Assam","KOKRAJHAR","147000000","62530971","42.53807551020408","20","102","16.39344262295082","82","84469029","20909203","20909203","41621768","66.56184500957134","","","",""
"","6a90d9df60cc5ec1e4c304ec","ALOK SHARMA","Lok Sabha","Madhya Pradesh","BHOPAL","147000000","62492243","42.511729931972795","22","67","24.719101123595504","45","84507757","14110494","14110494","48381749","77.4204072015786","","","",""
"","6a90d9df60cc5ec1e4c306f3","YADUVEER KRISHNADATTA CHAMARAJA WADIYAR","Lok Sabha","Karnataka","MYSORE","147000000","62346570","42.41263265306122","34","148","18.681318681318682","114","84653430","16950000","16950000","45396570","72.81325981525526","","","",""
"","6a90d9e260cc5ec1e4c309ec","Smt. Nirmala Sitharaman (2022-28)","Rajya Sabha","Karnataka","Sitting Rajya Sabha","215972051.45","91394660","42.31781815581768","7","16","30.434782608695656","9","124577391.44999999","61394660","61394660","30000000","32.82467487706612","","","",""
"","6a90d9df60cc5ec1e4c30551","Devendra Alias Bhole Singh","Lok Sabha","Uttar Pradesh","AKBARPUR","147000000","62000186","42.176997278911564","62","86","41.891891891891895","24","84999814","42373895","42373895","19626291","31.655213098876832","","","",""
"","6a90d9df60cc5ec1e4c305b5","Kakoli Ghosh Dastidar ","Lok Sabha","West Bengal","BARASAT","147000000","61929956","42.12922176870748","76","107","41.53005464480874","31","85070044","39381741","39381741","22548215","36.409221734309","","","",""
"","6a90d9df60cc5ec1e4c305e7","Mala Roy ","Lok Sabha","West Bengal","KOLKATA DAKSHIN","147000000","61582788","41.89305306122449","32","43","42.66666666666667","11","85417212","29777426","29777426","31805362","51.64651200916723","","","",""
"","6a90d9df60cc5ec1e4c30672","Santosh Pandey","Lok Sabha","Chhattisgarh","RAJNANDGAON","147000000","61535649","41.86098571428572","71","107","39.8876404494382","36","85464351","35769989","35769989","25765660","41.871111166796986","","","",""
"","6a90d9df60cc5ec1e4c30685","SHOBHA KARANDLAJE","Lok Sabha","Karnataka","BANGALORE NORTH","147000000","61473509","41.81871360544218","21","88","19.26605504587156","67","85526491","17121818","17121818","44351691","72.14764818452124","","","",""
"","6a90d9df60cc5ec1e4c30546","CHINTAMANI MAHARAJ","Lok Sabha","Chhattisgarh","SARGUJA","147000000","61420121","41.78239523809524","69","260","20.972644376899694","191","85579879","25091889","25091889","36328232","59.14711890587125","","","",""
"","6a90d9df60cc5ec1e4c3060b","NAVEEN JINDAL","Lok Sabha","Haryana","KURUKSHETRA","147000000","61262363","41.6750768707483","113","88","56.21890547263681","-25","85737637","33440390","33440390","27821973","45.4144627101635","","","",""
"","6a90d9df60cc5ec1e4c30558","DHARMENDRA YADAV","Lok Sabha","Uttar Pradesh","AZAMGARH","147000000","61248647","41.6657462585034","16","52","23.52941176470588","36","85751353","24967281","24967281","36281366","59.23619178069354","","","",""
"","6a90d9df60cc5ec1e4c30599","IMRAN MASOOD","Lok Sabha","Uttar Pradesh","SAHARANPUR","147000000","61171580","41.61331972789116","51","51","50","0","85828420","42078624","42078624","19092956","31.21213478546737","","","",""
"","6a90d9df60cc5ec1e4c305dc","LUMBARAM","Lok Sabha","Rajasthan","JALORE","147000000","61110381","41.57168775510204","75","105","41.66666666666667","30","85889619","36575490","36575490","24534891","40.14848311942287","","","",""
"","6a90d9df60cc5ec1e4c305a6","JITAN RAM MANJHI","Lok Sabha","Bihar","GAYA","147000000","61088844","41.557036734693874","152","108","58.46153846153847","-44","85911156","42553425","42553425","18535419","30.34174128421877","","","",""
"","6a90d9e260cc5ec1e4c309c3","Shri Samirul Islam (2023-29)","Rajya Sabha","West Bengal","Sitting Rajya Sabha","171500000","71238651","41.538572011661806","0","57","0","57","100261349","0","0","71238651","100","","","",""
"","6a90d9df60cc5ec1e4c30526","BHARATBHAI MANUBHAI SUTARIYA","Lok Sabha","Gujarat","AMRELI","147000000","60836765","41.3855544217687","154","175","46.808510638297875","21","86163235","50515379","50515379","10321386","16.965704866128238","","","",""
"","6a90d9df60cc5ec1e4c3066a","SANATAN PANDEY","Lok Sabha","Uttar Pradesh","BALLIA","180420041.4","74595388","41.34540011251765","62","293","17.464788732394364","231","105824653.4","40158503","40158503","34436885","46.16489829103108","","","",""
"","6a90d9e260cc5ec1e4c3095b","Shri Derek O' Brien (2023-29)","Rajya Sabha","West Bengal","Sitting Rajya Sabha","171500000","70787264","41.275372594752184","0","35","0","35","100712736","0","0","70787264","100","","","",""
"","6a90d9df60cc5ec1e4c305eb","MANI. A.","Lok Sabha","Tamil Nadu","DHARAMAPURI","164515071.11","67070637","40.768688575136345","63","315","16.666666666666664","252","97444434.11000001","40062663","40062663","27007974","40.26795511126575","","","",""
"","6a90d9df60cc5ec1e4c3051e","BALYA MAMA SURESH GOPINATH MHATRE","Lok Sabha","Maharashtra","BHIWANDI","147000000","59848620","40.71334693877551","11","153","6.707317073170732","142","87151380","11052957","11052957","48795663","81.53180975601443","","","",""
"","6a90d9df60cc5ec1e4c3052f","BHUPENDER YADAV","Lok Sabha","Rajasthan","ALWAR","147000000","59638968","40.57072653061225","31","43","41.891891891891895","12","87361032","37258086","37258086","22380882","37.52727914406567","","","",""
"","6a90d9e260cc5ec1e4c30939","Ms. Dola Sen (2023-29)","Rajya Sabha","West Bengal","Sitting Rajya Sabha","171500000","69414332","40.47482915451895","0","27","0","27","102085668","0","0","69414332","100","","","",""
"","6a90d9df60cc5ec1e4c3054d","DAMODAR AGARWAL","Lok Sabha","Rajasthan","BHILWARA","147000000","59365927","40.3849843537415","102","150","40.476190476190474","48","87634073","38013328","38013328","21352599","35.967768177864045","","","",""
"","6a90d9df60cc5ec1e4c305aa","JOBA MAJHI","Lok Sabha","Jharkhand","SINGHBHUM","147000000","59054467","40.17310680272109","0","118","0","118","87945533","0","0","59054467","100","","","",""
"","6a90d9df60cc5ec1e4c30540","CHANDUBHAI CHHAGANBHAI SHIHORA","Lok Sabha","Gujarat","SURENDRANAGAR","147000000","59047027","40.16804557823129","100","109","47.84688995215311","9","87952973","39830635","39830635","19216392","32.54421598567529","","","",""
"","6a90d9df60cc5ec1e4c30550","DEEPENDER SINGH HOODA","Lok Sabha","Haryana","ROHTAK","147000000","58916490","40.079244897959185","70","107","39.548022598870055","37","88083510","41547909","41547909","17368581","29.479999572275943","","","",""
"","6a90d9df60cc5ec1e4c304df","Adv Dean Kuriakose","Lok Sabha","Kerala","IDUKKI","147000000","58754261","39.96888503401361","95","95","50","0","88245739","50223513","50223513","8530748","14.519369071802299","","","",""
"","6a90d9df60cc5ec1e4c306ca","Sunil Dattatray Tatkare","Lok Sabha","Maharashtra","RAIGAD","147000000","58660128","39.90484897959184","18","44","29.03225806451613","26","88339872","25791356","25791356","32868772","56.032560992707005","","","",""
"","6a90d9df60cc5ec1e4c305c3","Kanimozhi Karunanidhi","Lok Sabha","Tamil Nadu","THOOTHUKKUDI","147000000","58344698","39.69027074829932","12","39","23.52941176470588","27","88655302","23778691","23778691","34566007","59.24446982311915","","","",""
"","6a90d9df60cc5ec1e4c30687","SHREYAS. M. PATEL","Lok Sabha","Karnataka","HASSAN","147000000","58328008","39.67891700680272","25","181","12.135922330097088","156","88671992","11129883","11129883","47198125","80.91845859025393","","","",""
"","6a90d9df60cc5ec1e4c305f9","Mitesh Rameshbhai Bakabhai Patel","Lok Sabha","Gujarat","ANAND","147000000","58303147","39.66200476190476","247","280","46.86907020872865","33","88696853","46772418","46772418","11530729","19.777198304578654","","","",""
"","6a90d9df60cc5ec1e4c3055f","DR C N MANJUNATH","Lok Sabha","Karnataka","BANGALORE RURAL","147000000","58047695","39.48822789115646","64","170","27.350427350427353","106","88952305","30171271","30171271","27876424","48.023309108139436","","","",""
"","6a90d9df60cc5ec1e4c30521","BASAVARAJ BOMMAI","Lok Sabha","Karnataka","HAVERI","147000000","57936447","39.41254897959184","19","144","11.65644171779141","125","89063553","13100000","13100000","44836447","77.38901731409246","","","",""
"","6a90d9df60cc5ec1e4c3063a","Rahul Kaswan","Lok Sabha","Rajasthan","CHURU","147000000","57725218","39.268855782312926","37","206","15.22633744855967","169","89274782","28138021","28138021","29587197","51.25523648953565","","","",""
"","6a90d9df60cc5ec1e4c306c2","SUDAMA PRASAD","Lok Sabha","Bihar","ARRAH","147000000","57716958","39.263236734693876","66","153","30.136986301369863","87","89283042","44337622","44337622","13379336","23.180944498149053","","","",""
"","6a90d9df60cc5ec1e4c306e5","Vijay Baghel","Lok Sabha","Chhattisgarh","DURG","147000000","57650594","39.218091156462584","70","144","32.71028037383177","74","89349406","21985512","21985512","35665082","61.86420559691024","","","",""
"","6a90d9df60cc5ec1e4c30535","BRIJENDRA SINGH OLA","Lok Sabha","Rajasthan","JHUNJHUNU","147000000","57494662","39.1120149659864","92","75","55.08982035928144","-17","89505338","42941562","42941562","14553100","25.312088972711937","","","",""
"","6a90d9df60cc5ec1e4c3056f","DR. PRABHA MALLIKARJUN","Lok Sabha","Karnataka","DAVANAGERE","147000000","57444696","39.07802448979592","5","92","5.154639175257731","87","89555304","5300000","5300000","52144696","90.77373479354821","","","",""
"","6a90d9df60cc5ec1e4c305e6","Mala Rajya Laxmi Shah ","Lok Sabha","Uttarakhand","TEHRI GARHWAL","147000000","57285791","38.96992585034014","84","155","35.146443514644346","71","89714209","29487783","29487783","27798008","48.52513601496748","","","",""
"","6a90d9e260cc5ec1e4c3091e","Dr. Dinesh Sharma (2023-26)","Rajya Sabha","Uttar Pradesh","Sitting Rajya Sabha","147000000","57084177","38.83277346938775","2","89","2.197802197802198","87","89915823","2002221","2002221","55081956","96.49251140118916","","","",""
"","6a90d9df60cc5ec1e4c30591","GURMEET SINGH MEET HAYER","Lok Sabha","Punjab","SANGRUR","147000000","57080005","38.82993537414966","151","237","38.91752577319588","86","89919995","37203469","37203469","19876536","34.8222394164121","","","",""
"","6a90d9df60cc5ec1e4c30659","Ravi Shankar Prasad","Lok Sabha","Bihar","PATNA SAHIB","147000000","56647683","38.53583877551021","60","24","71.42857142857143","-36","90352317","51461733","51461733","5185950","9.154743363466428","","","",""
"","6a90d9df60cc5ec1e4c306c8","SUKHJINDER SINGH RANDHAWA","Lok Sabha","Punjab","GURDASPUR","147000000","56537028","38.46056326530613","90","237","27.522935779816514","147","90462972","21150264","21150264","35386764","62.59042127223242","","","",""
"","6a90d9df60cc5ec1e4c306b7","Smt Himadri Singh","Lok Sabha","Madhya Pradesh","SHAHDOL","150724861.11","57863796","38.39034620690121","45","124","26.627218934911244","79","92861065.11000001","23600212","23600212","34263584","59.2142001883181","","","",""
"","6a90d9e260cc5ec1e4c309c9","Shri Sanjay Seth (2024-30)","Rajya Sabha","Uttar Pradesh","Sitting Rajya Sabha","147000000","56357801","38.33864013605442","19","40","32.20338983050847","21","90642199","26275632","26275632","30082169","53.37711632858066","","","",""
"","6a90d9df60cc5ec1e4c30650","RAMASHANKAR RAJBHAR","Lok Sabha","Uttar Pradesh","SALEMPUR","160056927.07","61281620","38.28739006915885","84","231","26.666666666666668","147","98775307.07","34604339","34604339","26677281","43.53227117690427","","","",""
"","6a90d9df60cc5ec1e4c30631","PUSHPENDRA SAROJ","Lok Sabha","Uttar Pradesh","KAUSHAMBI","147000000","56198890","38.23053741496599","607","141","81.14973262032086","-466","90801110","42926694","42926694","13272196","23.616473563801705","","","",""
"","6a90d9e260cc5ec1e4c30998","Shri Neeraj Shekhar (2020-26)","Rajya Sabha","Uttar Pradesh","Sitting Rajya Sabha","236483662.11","90266672","38.17036288875322","41","186","18.06167400881057","145","146216990.11","47814319","47814319","42452353","47.029930382278856","","","",""
"","6a90d9df60cc5ec1e4c30620","Pradan Baruah","Lok Sabha","Assam","LAKHIMPUR","147000000","56052727","38.131106802721085","33","115","22.2972972972973","82","90947273","16715001","16715001","39337726","70.17986118677152","","","",""
"","6a90d9df60cc5ec1e4c30644","Rajeshbhai Naranbhai Chudasama","Lok Sabha","Gujarat","JUNAGADH","147000000","56040284","38.12264217687075","152","147","50.836120401337794","-5","90959716","47563536","47563536","8476748","15.126168882370402","","","",""
"","6a90d9df60cc5ec1e4c30619","Parvatagouda Chandanagouda Gaddigoudar","Lok Sabha","Karnataka","BAGALKOT","167541747.11","63865076","38.118902960985125","92","136","40.35087719298245","44","103676671.11000001","45898327","45898327","17966749","28.132353588681237","","","",""
"","6a90d9df60cc5ec1e4c30698","Shri Jual Oram","Lok Sabha","Odisha","SUNDARGARH","173096756.91","65790931","38.00818234521133","89","111","44.5","22","107305825.91","47778097","47778097","18012834","27.37890120448364","","","",""
"","6a90d9df60cc5ec1e4c305ad","JYOTIRADITYA M. SCINDIA","Lok Sabha","Madhya Pradesh","GUNA","147000000","55870850","38.007380952380956","45","18","71.42857142857143","-27","91129150","44664197","44664197","11206653","20.05813944122919","","","",""
"","6a90d9df60cc5ec1e4c3066e","Sanjay Kumar Bandi","Lok Sabha","Telangana","KARIMNAGAR","172775317.11","65663959","38.00540499554925","171","468","26.76056338028169","297","107111358.11000001","40365265","40365265","25298694","38.52751857377348","","","",""
"","6a90d9df60cc5ec1e4c306da","TOKHAN SAHU","Lok Sabha","Chhattisgarh","BILASPUR","147000000","55824852","37.97608979591837","41","90","31.297709923664126","49","91175148","24488056","24488056","31336796","56.134131802087","","","",""
"","6a90d9df60cc5ec1e4c30508","ARUP CHAKRABORTY","Lok Sabha","West Bengal","BANKURA","147000000","55795450","37.956088435374156","40","30","57.14285714285714","-10","91204550","55349635","55349635","445815","0.7990167657040135","","","",""
"","6a90d9df60cc5ec1e4c30677","Saumitra khan ","Lok Sabha","West Bengal","BISHNUPUR","147000000","55661990","37.86529931972789","48","34","58.536585365853654","-14","91338010","53932695","53932695","1729295","3.10677897071233","","","",""
"","6a90d9df60cc5ec1e4c3065e","ROBERT BRUCE C","Lok Sabha","Tamil Nadu","TIRUNELVELI","147475440.11","55819028","37.849711082987994","60","51","54.054054054054056","-9","91656412.11000001","40782129","40782129","15036899","26.938661490128418","","","",""
"","6a90d9df60cc5ec1e4c306a0","Shri NK Premachandran","Lok Sabha","Kerala","KOLLAM","171477994.11","64475987","37.60015233128971","46","150","23.46938775510204","104","107002007.11000001","32084160","32084160","32391827","50.23859037629001","","","",""
"","6a90d9df60cc5ec1e4c304fb","ANITA NAGARSINGH CHOUHAN","Lok Sabha","Madhya Pradesh","RATLAM","147000000","55091448","37.47717551020408","74","129","36.45320197044335","55","91908552","27376128","27376128","27715320","50.30784451336259","","","",""
"","6a90d9df60cc5ec1e4c30692","Shri Chandra Prakash Choudhary","Lok Sabha","Jharkhand","GIRIDIH","147000000","55034366","37.438344217687074","49","625","7.270029673590504","576","91965634","14533632","14533632","40500734","73.59171540197265","","","",""
"","6a90d9df60cc5ec1e4c306b4","Smt Dimple Yadav","Lok Sabha","Uttar Pradesh","MAINPURI","192042469.11","71677973","37.3240217813194","53","111","32.31707317073171","58","120364496.11000001","59666421","59666421","12011552","16.75766138085406","","","",""
"","6a90d9df60cc5ec1e4c30554","Devusinh Jesingbhai Chauhan","Lok Sabha","Gujarat","KHEDA","147000000","54783374","37.26760136054422","247","341","42.00680272108844","94","92216626","44304206","44304206","10479168","19.128372779668517","","","",""
"","6a90d9df60cc5ec1e4c30537","BUNTY VIVEK SAHU","Lok Sabha","Madhya Pradesh","CHHINDWARA","147000000","54579699","37.12904693877551","100","373","21.141649048625794","273","92420301","18384130","18384130","36195569","66.31690841680897","","","",""
"","6a90d9df60cc5ec1e4c305c2","Kani K Navas","Lok Sabha","Tamil Nadu","RAMANATHAPURAM","147000000","54425096","37.02387482993198","68","41","62.38532110091744","-27","92574904","42128528","42128528","12296568","22.59356235219135","","","",""
"","6a90d9e260cc5ec1e4c30943","Shri Anil Kumar Yadav Mandadi (2024-30)","Rajya Sabha","Telangana","Sitting Rajya Sabha","147000000","54363174","36.98175102040817","71","31","69.6078431372549","-40","92636826","53733078","53733078","630096","1.159049322616814","","","",""
"","6a90d9df60cc5ec1e4c3065a","RAVINDRA DATTARAM WAIKAR","Lok Sabha","Maharashtra","MUMBAI NORTH WEST","147000000","53799122","36.59804217687075","0","67","0","67","93200878","0","0","53799122","100","","","",""
"","6a90d9df60cc5ec1e4c306d5","Thalikkottai Rajuthevar Baalu","Lok Sabha","Tamil Nadu","SRIPERUMBUDUR","196905535.11","71998395","36.56494214841577","63","63","50","0","124907140.11000001","51067019","51067019","20931376","29.07200361896956","","","",""
"","6a90d9df60cc5ec1e4c3058c","GM Harish Balayogi","Lok Sabha","Andhra Pradesh","AMALAPURAM","147000000","53533502","36.41734829931973","41","68","37.61467889908257","27","93466498","42444512","42444512","11088990","20.714112818548656","","","",""
"","6a90d9e260cc5ec1e4c30916","Dr. Ajeet Madhavrao Gopchade (2024-30)","Rajya Sabha","Maharashtra","Sitting Rajya Sabha","147000000","53532752","36.4168380952381","44","48","47.82608695652174","4","93467248","47072524","47072524","6460228","12.06780477118008","","","",""
"","6a90d9df60cc5ec1e4c3057f","ESWARASAMY K","Lok Sabha","Tamil Nadu","POLLACHI","162315106.11","59028493","36.36660469543527","46","34","57.49999999999999","-12","103286613.11000001","44430894","44430894","14597599","24.72975042747576","","","",""
"","6a90d9df60cc5ec1e4c30517","BAG MITALI","Lok Sabha","West Bengal","ARAMBAG","147000000","53162451","36.16493265306123","87","97","47.28260869565217","10","93837549","43155174","43155174","10007277","18.82395715728005","","","",""
"","6a90d9df60cc5ec1e4c306f5","ZIA UR REHMAN","Lok Sabha","Uttar Pradesh","SAMBHAL","147000000","53111753","36.13044421768707","0","325","0","325","93888247","0","0","53111753","100","","","",""
"","6a90d9df60cc5ec1e4c30561","DR DHARAMVIRA GANDHI","Lok Sabha","Punjab","PATIALA","147000000","52978687","36.0399231292517","54","275","16.41337386018237","221","94021313","15590051","15590051","37388636","70.57297588367942","","","",""
"","6a90d9df60cc5ec1e4c30580","Faggan Singh Kulaste","Lok Sabha","Madhya Pradesh","MANDLA","151861648.41","54608168","35.95915662166887","31","268","10.367892976588628","237","97253480.41","16232310","16232310","38375858","70.27494128717154","","","",""
"","6a90d9df60cc5ec1e4c305fe","Ms Mahua Moitra","Lok Sabha","West Bengal","KRISHNANAGAR","159865046","57382120","35.89410032759757","21","34","38.18181818181819","13","102482926","13986304","13986304","43395816","75.62602427376332","","","",""
"","6a90d9e260cc5ec1e4c30936","Dr. Syed Naseer Hussain (2024-30)","Rajya Sabha","Karnataka","Sitting Rajya Sabha","147000000","52745755","35.88146598639456","3","59","4.838709677419355","56","94254245","432259","432259","52313496","99.18048570922912","","","",""
"","6a90d9df60cc5ec1e4c30547","CHIRAG PASWAN","Lok Sabha","Bihar","HAJIPUR","147000000","52494828","35.71076734693877","47","66","41.5929203539823","19","94505172","44817407","44817407","7677421","14.62509982888219","","","",""
"","6a90d9df60cc5ec1e4c305df","Maddila Gurumoorthy","Lok Sabha","Andhra Pradesh","TIRUPATI","180399007","64414143","35.706484238020224","110","181","37.80068728522337","71","115984864","49728357","49728357","14685786","22.799008596605873","","","",""
"","6a90d9e260cc5ec1e4c3092d","Dr. Radha Mohan Das Agrawal (2022-28)","Rajya Sabha","Uttar Pradesh","Sitting Rajya Sabha","203626524.67000002","72382614","35.54675115007942","15","30","33.33333333333333","15","131243910.67000002","41852495","41852495","30530119","42.178801390068614","","","",""
"","6a90d9df60cc5ec1e4c30661","RUCHI VIRA","Lok Sabha","Uttar Pradesh","MORADABAD","147000000","52167110","35.48782993197278","165","108","60.43956043956044","-57","94832890","33266575","33266575","18900535","36.23074960449218","","","",""
"","6a90d9df60cc5ec1e4c304d7","AASHTIKAR PATIL NAGESH BAPURAO","Lok Sabha","Maharashtra","HINGOLI","190289442","67522042","35.483861474563575","38","78","32.758620689655174","40","122767400","50208561","50208561","17313481","25.64122838583584","","","",""
"","6a90d9df60cc5ec1e4c30533","BIPLAB KUMAR DEB","Lok Sabha","Tripura","TRIPURA WEST","147000000","51962677","35.34875986394558","7","24","22.58064516129032","17","95037323","23922411","23922411","28040266","53.96231991665864","","","",""
"","6a90d9df60cc5ec1e4c306b2","Smt Anupriya Patel","Lok Sabha","Uttar Pradesh","MIRZAPUR","147000000","51732584","35.19223401360544","0","10","0","10","95267416","0","0","51732584","100","","","",""
"","6a90d9df60cc5ec1e4c30595","HARIBHAI PATEL","Lok Sabha","Gujarat","MAHESANA","147000000","51281778","34.885563265306125","150","427","25.99653379549394","277","95718222","27935405","27935405","23346373","45.5256699562952","","","",""
"","6a90d9df60cc5ec1e4c30607","NARAYAN DAS AHIRWAR","Lok Sabha","Uttar Pradesh","JALAUN","147000000","51218010.8","34.84218421768707","36","331","9.809264305177113","295","95781989.2","8158216.800000001","8158216.800000001","43059794","84.07158600544479","","","",""
"","6a90d9df60cc5ec1e4c306e9","Vinod Chavda","Lok Sabha","Gujarat","KACHCHH","147000000","51051603","34.72898163265306","98","256","27.683615819209038","158","95948397","40172708","40172708","10878895","21.309605106817116","","","",""
"","6a90d9df60cc5ec1e4c30500","ANUP SANJAY DHOTRE","Lok Sabha","Maharashtra","AKOLA","147000000","51045667","34.724943537414966","41","59","41","18","95954333","38300343","38300343","12745324","24.968473817767922","","","",""
"","6a90d9e260cc5ec1e4c309be","Shri S. Selvaganabathy (2021-27)","Rajya Sabha","Puducherry","Sitting Rajya Sabha","292881856.49","101658946","34.70988173126081","31","70","30.693069306930692","39","191222910.49","73122911","73122911","28536035","28.07036283850513","","","",""
"","6a90d9df60cc5ec1e4c304eb","Alok Kumar Suman","Lok Sabha","Bihar","GOPALGANJ","147000000","50920280","34.639646258503404","43","112","27.741935483870968","69","96079720","42661355","42661355","8258925","16.2193236172307","","","",""
"","6a90d9df60cc5ec1e4c30578","DULU MAHATO","Lok Sabha","Jharkhand","DHANBAD","147000000","50907360","34.63085714285714","57","322","15.03957783641161","265","96092640","21545000","21545000","29362360","57.6780253385758","","","",""
"","6a90d9df60cc5ec1e4c30686","SHOBHANABEN MAHENDRASINH BARAIYA","Lok Sabha","Gujarat","SABARKANTHA","147000000","50880570","34.612632653061226","122","152","44.52554744525548","30","96119430","43430570","43430570","7450000","14.642131564170763","","","",""
"","6a90d9df60cc5ec1e4c305e9","MALVIKA DEVI","Lok Sabha","Odisha","KALAHANDI","147000000","50804998","34.5612231292517","96","224","30","128","96195002","37882707","37882707","12922291","25.435078257458056","","","",""
"","6a90d9df60cc5ec1e4c3059b","IQRA CHOUDHARY","Lok Sabha","Uttar Pradesh","KAIRANA","147000000","50723960","34.506095238095234","45","42","51.724137931034484","-3","96276040","41286422","41286422","9437538","18.605680629036062","","","",""
"","6a90d9df60cc5ec1e4c3067c","SELVARAJ V","Lok Sabha","Tamil Nadu","NAGAPATTINAM","147000000","50673389","34.47169319727891","44","41","51.76470588235295","-3","96326611","34340328","34340328","16333061","32.23202813610907","","","",""
"","6a90d9df60cc5ec1e4c304e4","Ajay Bhatt","Lok Sabha","Uttarakhand","NAINITAL UDHAM SINGH NAG.","147000000","50626503","34.43979795918367","85","376","18.43817787418655","291","96373497","22286737","22286737","28339766","55.9781227630911","","","",""
"","6a90d9df60cc5ec1e4c3052d","BHUMARE SANDIPANRAO ASARAM","Lok Sabha","Maharashtra","AURANGABAD","147000000","50596352","34.41928707482993","27","65","29.347826086956523","38","96403648","40279781","40279781","10316571","20.38995024779652","","","",""
"","6a90d9df60cc5ec1e4c306e4","Vellalath Kochukrishnan Nair Sreekandan","Lok Sabha","Kerala","PALAKKAD","147000000","50584788","34.411420408163266","98","107","47.80487804878049","9","96415212","29910258","29910258","20674530","40.871042100641006","","","",""
"","6a90d9df60cc5ec1e4c306c9","SUNIL BOSE","Lok Sabha","Karnataka","CHAMARAJANAGAR","147000000","50427615","34.3045","21","91","18.75","70","96572385","18700000","18700000","31727615","62.91714371183329","","","",""
"","6a90d9e260cc5ec1e4c309c8","Shri Sanjay Raut (2022-28)","Rajya Sabha","Maharashtra","Sitting Rajya Sabha","196063957.11","67167846","34.25813035198308","6","69","8","63","128896111.11000001","7654065","7654065","59513781","88.60456981157323","","","",""
"","6a90d9df60cc5ec1e4c305c1","Kangana Ranaut","Lok Sabha","Himachal Pradesh","MANDI","147000000","50240820","34.17742857142857","53","267","16.5625","214","96759180","15229397","15229397","35011423","69.68720454801493","","","",""
"","6a90d9df60cc5ec1e4c3053a","CAPTAIN BRIJESH CHOWTA","Lok Sabha","Karnataka","DAKSHINA KANNADA","147000000","50229304","34.16959455782313","75","131","36.407766990291265","56","96770696","35669259","35669259","14560045","28.98715259920783","","","",""
"","6a90d9df60cc5ec1e4c305b9","KALI CHARAN SINGH","Lok Sabha","Jharkhand","CHATRA","147000000","49787316","33.868922448979596","75","429","14.880952380952381","354","97212684","19221680","19221680","30565636","61.392415690775536","","","",""
"","6a90d9df60cc5ec1e4c30679","SAYANI GHOSH","Lok Sabha","West Bengal","JADAVPUR","147000000","49785004","33.86734965986394","113","102","52.55813953488372","-11","97214996","38583188","38583188","11201816","22.500381841889578","","","",""
"","6a90d9df60cc5ec1e4c306eb","Virendra Kumar","Lok Sabha","Madhya Pradesh","TIKAMGARH","147000000","49501421","33.67443605442177","12","347","3.3426183844011144","335","97498579","4988276","4988276","44513145","89.92296402965887","","","",""
"","6a90d9df60cc5ec1e4c3055e","DR BYREDDY SHABARI","Lok Sabha","Andhra Pradesh","NANDYAL","150675889.11","50709419","33.65463399587435","70","129","35.175879396984925","59","99966470.11000001","31784498","31784498","18924921","37.32032701853674","","","",""
"","6a90d9df60cc5ec1e4c306d6","THANGA TAMILSELVAN","Lok Sabha","Tamil Nadu","THENI","147000000","49328291","33.556660544217685","24","72","25","48","97671709","22558505","22558505","26769786","54.26862649670957","","","",""
"","6a90d9e260cc5ec1e4c30941","Shri Akhilesh Prasad Singh (2024-30)","Rajya Sabha","Bihar","Sitting Rajya Sabha","186200000","62309563","33.463782491944144","38","18","67.85714285714286","-20","123890437","49706511","49706511","12603052","20.226513223981364","","","",""
"","6a90d9df60cc5ec1e4c306a9","Shri vijayakumar Vasanth","Lok Sabha","Tamil Nadu","KANNIYAKUMARI","171500000","57305751","33.41443206997084","39","62","38.613861386138616","23","114194249","33616805","33616805","23688946","41.33781616438462","","","",""
"","6a90d9e260cc5ec1e4c309ba","Shri Ryaga Krishnaiah (2024-28)","Rajya Sabha","Andhra Pradesh","Sitting Rajya Sabha","170413583.79","56605717","33.21666955244308","30","39","43.47826086956522","9","113807866.78999999","44936173","44936173","11669544","20.615486594755083","","","",""
"","6a90d9e260cc5ec1e4c30970","Shri Jairam Ramesh (2022-28)","Rajya Sabha","Karnataka","Sitting Rajya Sabha","220563957.11","73253485","33.21190187183072","18","109","14.173228346456693","91","147310472.11","31715985","31715985","41537500","56.70378685737614","","","",""
"","6a90d9df60cc5ec1e4c3053b","CAPTAIN VIRIATO FERNANDES","Lok Sabha","Goa","SOUTH GOA","147000000","48358008","32.89660408163265","44","86","33.84615384615385","42","98641992","34163302","34163302","14194706","29.353372041296655","","","",""
"","6a90d9df60cc5ec1e4c304e7","AJENDRA SINGH LODHI","Lok Sabha","Uttar Pradesh","HAMIRPUR","147000000","48355823","32.89511768707483","19","172","9.947643979057592","153","98644177","14582276","14582276","33773547","69.84380557435658","","","",""
"","6a90d9df60cc5ec1e4c306be","Smt Satabdi Roy (Banerjee)","Lok Sabha","West Bengal","BIRBHUM","147000000","48307379.6","32.86216299319728","62","35","63.91752577319587","-27","98692620.4","46588235.6","46588235.6","1719144","3.558760616359327","","","",""
"","6a90d9df60cc5ec1e4c305a8","Jitendra Singh","Lok Sabha","Jammu And Kashmir","UDHAMPUR","147000000","48296699","32.854897278911565","187","141","57.012195121951216","-46","98703301","43162988","43162988","5133711","10.629527703332272","","","",""
"","6a90d9df60cc5ec1e4c30664","S Venkatesan","Lok Sabha","Tamil Nadu","MADURAI","147000000","48171006","32.7693918367347","46","81","36.22047244094488","35","98828994","25963841","25963841","22207165","46.10068762109722","","","",""
"","6a90d9e260cc5ec1e4c30923","Dr. Kalpana Saini (2022-28)","Rajya Sabha","Uttarakhand","Sitting Rajya Sabha","200830405.8","65308088","32.51902406901375","58","131","30.687830687830687","73","135522317.8","40533838","40533838","24774250","37.93442858103578","","","",""
"","6a90d9df60cc5ec1e4c306ba","Smt S Jothimani","Lok Sabha","Tamil Nadu","KARUR","147000000","47711966","32.457119727891154","86","90","48.86363636363637","4","99288034","34108992","34108992","13602974","28.510613039923776","","","",""
"","6a90d9df60cc5ec1e4c30523","Bhagirath Chaudhary","Lok Sabha","Rajasthan","AJMER","147000000","47473080","32.294612244897955","58","99","36.94267515923567","41","99526920","34238822","34238822","13234258","27.877394936245974","","","",""
"","6a90d9e260cc5ec1e4c309f5","Smt. Sagarika Ghose (2024-30)","Rajya Sabha","West Bengal","Sitting Rajya Sabha","147000000","47289873","32.16998163265306","0","13","0","13","99710127","0","0","47289873","100","","","",""
"","6a90d9df60cc5ec1e4c30697","Shri Janardan Singh Sigriwal ","Lok Sabha","Bihar","MAHARAJGANJ","147000000","47230253","32.12942380952381","18","56","24.324324324324326","38","99769747","21432032","21432032","25798221","54.622237573023384","","","",""
"","6a90d9df60cc5ec1e4c306bb","Smt Sajda Ahmed","Lok Sabha","West Bengal","ULUBERIA","147000000","47212277","32.117195238095235","91","88","50.83798882681564","-3","99787723","44780219","44780219","2432058","5.151325363951415","","","",""
"","6a90d9e260cc5ec1e4c30959","Shri Damodar Rao Divakonda (2022-28)","Rajya Sabha","Telangana","Sitting Rajya Sabha","239919406.11","77052481","32.11598521741605","110","185","37.28813559322034","75","162866925.11","49064209","49064209","27988272","36.32364803412365","","","",""
"","6a90d9df60cc5ec1e4c3064c","RAKIBUL HUSSAIN","Lok Sabha","Assam","DHUBRI","147000000","47053373","32.00909727891156","25","152","14.124293785310735","127","99946627","11696429","11696429","35356944","75.1422092524589","","","",""
"","6a90d9df60cc5ec1e4c30577","DR.MALLU RAVI","Lok Sabha","Telangana","NAGARKURNOOL","147000000","47000729","31.973285034013603","143","84","62.99559471365639","-59","99999271","35214808","35214808","11785921","25.076038714208025","","","",""
"","6a90d9df60cc5ec1e4c306c5","Sudip Bandyopadhyay","Lok Sabha","West Bengal","KOLKATA UTTAR","147000000","46311063","31.50412448979592","9","29","23.684210526315788","20","100688937","12739754","12739754","33571309","72.49090568273071","","","",""
"","6a90d9df60cc5ec1e4c30515","BABU SINGH KUSHWAHA","Lok Sabha","Uttar Pradesh","JAUNPUR","147000000","46048017","31.32518163265306","522","164","76.0932944606414","-358","100951983","24508010","24508010","21540007","46.77727381832751","","","",""
"","6a90d9df60cc5ec1e4c305ca","Kinjarapu Ram Mohan Naidu","Lok Sabha","Andhra Pradesh","SRIKAKULAM","171200630.11","53576961","31.294838672950952","60","155","27.906976744186046","95","117623669.11000001","32203971","32203971","21372990","39.89212826013032","","","",""
"","6a90d9e260cc5ec1e4c309b6","Shri Randeep Singh Surjewala (2022-28)","Rajya Sabha","Rajasthan","Sitting Rajya Sabha","196063957.11","60881596","31.051906172557203","55","94","36.91275167785235","39","135182361.11","40284299","40284299","20597297","33.83172970695446","","","",""
"","6a90d9df60cc5ec1e4c305f7","Midhun Reddy","Lok Sabha","Andhra Pradesh","RAJAMPET","178951477.11","55215327","30.854915473013723","178","317","35.95959595959596","139","123736150.11000001","40614344","40614344","14600983","26.44371371738865","","","",""
"","6a90d9df60cc5ec1e4c304ef","AMBICA G LAKSHMINARAYANA VALMIKI","Lok Sabha","Andhra Pradesh","ANANTAPUR","201899064.11","62202871","30.80889516462058","42","116","26.582278481012654","74","139696193.11","30751717","30751717","31451154","50.56222244146898","","","",""
"","6a90d9df60cc5ec1e4c3058f","GOVIND MAKTHAPPA KARJOL","Lok Sabha","Karnataka","CHITRADURGA","147000000","45195747","30.745406122448983","19","204","8.520179372197308","185","101804253","8719720","8719720","36476027","80.70676871432173","","","",""
"","6a90d9e260cc5ec1e4c309bf","Shri S.R. Sivalingam (2025-31)","Rajya Sabha","Tamil Nadu","Sitting Rajya Sabha","89248285.42","27371677","30.669134842411406","9","40","18.367346938775512","31","61876608.42","6996677","6996677","20375000","74.4382596652737","","","",""
"","6a90d9e260cc5ec1e4c30990","Shri Mohammed Nadimul Haque (2024-30)","Rajya Sabha","West Bengal","Sitting Rajya Sabha","147000000","45077861","30.66521156462585","1","18","5.263157894736842","17","101922139","1096933","1096933","43980928","97.56658151991728","","","",""
"","6a90d9df60cc5ec1e4c30594","HARENDRA SINGH MALIK","Lok Sabha","Uttar Pradesh","MUZAFFARNAGAR","147000000","45077485","30.664955782312926","32","183","14.883720930232558","151","101922515","19524140","19524140","25553345","56.68760136019123","","","",""
"","6a90d9df60cc5ec1e4c305c7","Kaushalendra Kumar","Lok Sabha","Bihar","NALANDA","147000000","44912846","30.552956462585033","91","74","55.15151515151515","-17","102087154","43719429","43719429","1193417","2.657184093833644","","","",""
"","6a90d9df60cc5ec1e4c3063f","RAJABHAU","Lok Sabha","Maharashtra","NASHIK","152878682.11","46498714","30.41543357009254","21","89","19.090909090909093","68","106379968.11000001","21311605","21311605","25187109","54.167323853300545","","","",""
"","6a90d9df60cc5ec1e4c30587","Ganesh Singh","Lok Sabha","Madhya Pradesh","SATNA","147000000","44570402","30.320001360544218","77","241","24.21383647798742","164","102429598","21445936","21445936","23124466","51.88300971573019","","","",""
"","6a90d9df60cc5ec1e4c30593","H.D. KUMARASWAMY","Lok Sabha","Karnataka","MANDYA","147000000","44450000","30.238095238095237","7","140","4.761904761904762","133","102550000","3500000","3500000","40950000","92.1259842519685","","","",""
"","6a90d9e260cc5ec1e4c309e9","Smt. Mamata Thakur (2024-30)","Rajya Sabha","West Bengal","Sitting Rajya Sabha","147000000","44446422","30.235661224489796","51","9","85","-42","102553578","28679769","28679769","15766653","35.47339086147362","","","",""
"","6a90d9e260cc5ec1e4c3093e","Shri Abdul Wahab (2021-27)","Rajya Sabha","Kerala","Sitting Rajya Sabha","310898953.29","93760670","30.157923983919627","120","248","32.608695652173914","128","217138283.29000002","80050168","80050168","13710502","14.622871188953749","","","",""
"","6a90d9df60cc5ec1e4c305b2","K. C VENUGOPAL","Lok Sabha","Kerala","ALAPPUZHA","147000000","44331588","30.157542857142854","37","52","41.57303370786517","15","102668412","26840190","26840190","17491398","39.45583451691376","","","",""
"","6a90d9df60cc5ec1e4c30507","ARUNA. D. K","Lok Sabha","Telangana","MAHABUBNAGAR","147000000","44232038","30.08982176870748","127","195","39.44099378881988","68","102767962","34958077","34958077","9273961","20.96661474201121","","","",""
"","6a90d9df60cc5ec1e4c30514","B K PARTHASARATHI","Lok Sabha","Andhra Pradesh","HINDUPUR","160491894.11","47797914","29.78213589232092","52","40","56.52173913043478","-12","112693980.11000001","33917897","33917897","13880017","29.038959733682102","","","",""
"","6a90d9df60cc5ec1e4c3064a","Raju Bista","Lok Sabha","West Bengal","DARJEELING","147000000","43617451","29.67173537414966","73","96","43.19526627218935","23","103382549","34663226","34663226","8954225","20.528996524808385","","","",""
"","6a90d9df60cc5ec1e4c305db","LOVELY ANAND","Lok Sabha","Bihar","SHEOHAR","147000000","43561211","29.6334768707483","24","67","26.373626373626376","43","103438789","25156665","25156665","18404546","42.24984929826675","","","",""
"","6a90d9df60cc5ec1e4c30585","GANAPATHY RAJKUMAR P","Lok Sabha","Tamil Nadu","COIMBATORE","147370490.11","43662823","29.627928201507146","7","62","10.144927536231885","55","103707667.11000001","8599674","8599674","35063149","80.30435640865457","","","",""
"","6a90d9df60cc5ec1e4c3068a","Shri Amar Singh","Lok Sabha","Punjab","FATEHGARH SAHIB","147000000","43529649","29.61200612244898","60","289","17.191977077363894","229","103470351","17363933","17363933","26165716","60.11010104859793","","","",""
"","6a90d9df60cc5ec1e4c30632","Putta Mahesh Kumar","Lok Sabha","Andhra Pradesh","ELURU","147000000","43504398","29.59482857142857","54","60","47.368421052631575","6","103495602","26239750","26239750","17264648","39.68483370347982","","","",""
"","6a90d9df60cc5ec1e4c30574","DR. S P SINGH","Lok Sabha","Uttar Pradesh","PRATAPGARH","147000000","42783929","29.10471360544218","106","533","16.588419405320813","427","104216071","34071121","34071121","8712808","20.36467478243992","","","",""
"","6a90d9e260cc5ec1e4c3091c","Dr. Dharmasthala Veerendra Heggade (2022-28)","Rajya Sabha","Karnataka","Nominated Rajya Sabha","196063957.11","56879514","29.010693672824438","301","173","63.50210970464135","-128","139184443.11","28999430","28999430","27880084","49.016037654611466","","","",""
"","6a90d9df60cc5ec1e4c30665","S. Jagathrakshakan","Lok Sabha","Tamil Nadu","ARAKKONAM","180589332.34","52167418","28.887319823400816","34","130","20.73170731707317","96","128421914.34","36513077","36513077","15654341","30.007889215448614","","","",""
"","6a90d9e260cc5ec1e4c3099e","Shri Pabitra Margherita (2022-28)","Rajya Sabha","Assam","Sitting Rajya Sabha","220563957.11","63642733.44","28.854548256159546","5","205","2.380952380952381","200","156921223.67000002","5848086.4399999995","5848086.4399999995","57794647","90.81106966357227","","","",""
"","6a90d9df60cc5ec1e4c3061c","PHANI BHUSAN CHOUDHURY","Lok Sabha","Assam","BARPETA","147000000","42116247","28.650508163265304","3","84","3.4482758620689653","81","104883753","4400000","4400000","37716247","89.55272534136292","","","",""
"","6a90d9df60cc5ec1e4c305a9","JITIN PRASADA","Lok Sabha","Uttar Pradesh","PILIBHIT","147000000","41842816","28.46450068027211","22","37","37.28813559322034","15","105157184","7678364","7678364","34164452","81.64950466048938","","","",""
"","6a90d9df60cc5ec1e4c306c6","SUKANTA KUMAR PANIGRAHI","Lok Sabha","Odisha","KANDHAMAL","190712424.11","54209040","28.424493188096157","148","202","42.285714285714285","54","136503384.11","40058531","40058531","14150509","26.103596374331662","","","",""
"","6a90d9df60cc5ec1e4c30567","Dr Shashi Tharoor","Lok Sabha","Kerala","THIRUVANANTHAPURAM","147000000","41754577","28.404474149659865","40","74","35.08771929824561","34","105245423","33758390","33758390","7996187","19.15044427345055","","","",""
"","6a90d9e260cc5ec1e4c3094e","Shri Balyogi Umeshnath (2024-30)","Rajya Sabha","Madhya Pradesh","Sitting Rajya Sabha","147000000","41747000","28.39931972789116","11","67","14.102564102564102","56","105253000","7950000","7950000","33797000","80.95671545260737","","","",""
"","6a90d9e260cc5ec1e4c30929","Dr. Medha Vishram Kulkarni (2024-30)","Rajya Sabha","Maharashtra","Sitting Rajya Sabha","147000000","41737818","28.39307346938775","31","76","28.971962616822427","45","105262182","30816058","30816058","10921760","26.167539472235944","","","",""
"","6a90d9df60cc5ec1e4c3059f","Jagannath Sarkar","Lok Sabha","West Bengal","RANAGHAT","147000000","41712525","28.375867346938776","70","152","31.53153153153153","82","105287475","34507754","34507754","7204771","17.272440352148426","","","",""
"","6a90d9df60cc5ec1e4c3062d","Priyanka Gandhi Vadra","Lok Sabha","Kerala","WAYANAD","122500000","34714501","28.338368163265304","10","81","10.989010989010989","71","87785499","15019751","15019751","19694750","56.73349589556249","","","",""
"","6a90d9df60cc5ec1e4c305e2","Mahendra Singh Solanky","Lok Sabha","Madhya Pradesh","DEWAS","147000000","41462417","28.205725850340137","10","131","7.092198581560284","121","105537583","6249000","6249000","35213417","84.92851972426017","","","",""
"","6a90d9e260cc5ec1e4c3094f","Shri Banshilal Gurjar (2024-30)","Rajya Sabha","Madhya Pradesh","Sitting Rajya Sabha","147000000","41424435","28.17988775510204","10","71","12.345679012345679","61","105575565","10570000","10570000","30854435","74.48365922190611","","","",""
"","6a90d9e260cc5ec1e4c309ed","Smt. P. T. Usha (2022-28)","Rajya Sabha","Kerala","Nominated Rajya Sabha","196063957.11","55206130","28.157204829354264","39","83","31.967213114754102","44","140857827.11","40172739","40172739","15033391","27.231379921034133","","","",""
"","6a90d9e260cc5ec1e4c309ae","Shri Rajib Bhattacharjee (2024-28)","Rajya Sabha","Tripura","Sitting Rajya Sabha","122500000","34210580","27.92700408163265","18","40","31.03448275862069","22","88289420","19522053","19522053","14688527","42.93562693178543","","","",""
"","6a90d9df60cc5ec1e4c3066c","Sanjay Haribhau Jadhav","Lok Sabha","Maharashtra","PARBHANI","147000000","40999822","27.89103537414966","28","56","33.33333333333333","28","106000178","23065576","23065576","17934246","43.742253320026606","","","",""
"","6a90d9df60cc5ec1e4c3058e","GOPINATH K","Lok Sabha","Tamil Nadu","KRISHNAGIRI","147000000","40994453","27.887382993197278","36","77","31.858407079646017","41","106005547","27542471","27542471","13451982","32.814151709744735","","","",""
"","6a90d9df60cc5ec1e4c3069d","Shri LS Tejasvi Surya ","Lok Sabha","Karnataka","BANGALORE SOUTH","147000000","40913804","27.83251972789116","25","112","18.248175182481752","87","106086196","25236528","25236528","15677276","38.317815669254315","","","",""
"","6a90d9df60cc5ec1e4c305dd","M. MALLESH BABU","Lok Sabha","Karnataka","KOLAR","147065957.11","40766132","27.71962512677792","3","73","3.9473684210526314","70","106299825.11000001","3493016","3493016","37273116","91.43157364058969","","","",""
"","6a90d9df60cc5ec1e4c306b6","Smt Hema Malini","Lok Sabha","Uttar Pradesh","MATHURA","147000000","40721168","27.70147482993197","33","55","37.5","22","106278832","26155658","26155658","14565510","35.768890519053876","","","",""
"","6a90d9df60cc5ec1e4c30610","Nitin Jairam Gadkari","Lok Sabha","Maharashtra","NAGPUR","168195086.11","46558565","27.68128729370285","19","48","28.35820895522388","29","121636521.11000001","28671958","28671958","17886607","38.41743619031214","","","",""
"","6a90d9df60cc5ec1e4c304da","ABHIJIT GANGOPADHYAY","Lok Sabha","West Bengal","TAMLUK","147000000","40622867.78","27.63460393197279","74","191","27.92452830188679","117","106377132.22","25363606.78","25363606.78","15259261","37.563229367850404","","","",""
"","6a90d9df60cc5ec1e4c30522","BASTIPATI NAGARAJU PANCHALINGALA","Lok Sabha","Andhra Pradesh","KURNOOL","159998515.11","44033277","27.521053535857405","143","65","68.75","-78","115965238.11000001","43534075","43534075","499202","1.133692593444726","","","",""
"","6a90d9df60cc5ec1e4c30617","PARSHOTTAMBHAI RUPALA","Lok Sabha","Gujarat","RAJKOT","147000000","40230082","27.367402721088435","90","229","28.213166144200624","139","106769918","37799055","37799055","2431027","6.042808960717505","","","",""
"","6a90d9df60cc5ec1e4c30588","GAURAV GOGOI","Lok Sabha","Assam","JORHAT","147000000","40009090","27.217068027210882","35","429","7.543103448275862","394","106990910","8010896","8010896","31998194","79.977310156267","","","",""
"","6a90d9df60cc5ec1e4c305d0","KOTA SRINIVAS POOJARY","Lok Sabha","Karnataka","UDUPI CHIKMAGALUR","147000000","39870575","27.12284013605442","51","269","15.937499999999998","218","107129425","21595331","21595331","18275244","45.83641946473057","","","",""
"","6a90d9df60cc5ec1e4c3065c","Ravindra Vasantrao Chavan","Lok Sabha","Maharashtra","NANDED","147000000","39838293","27.100879591836737","26","115","18.439716312056735","89","107161707","19985533","19985533","19852760","49.8333600789572","","","",""
"","6a90d9df60cc5ec1e4c30510","ATUL GARG","Lok Sabha","Uttar Pradesh","GHAZIABAD","155336470","42043789","27.066270399990422","36","41","46.75324675324675","5","113292681","33799309","33799309","8244480","19.609269754445776","","","",""
"","6a90d9e260cc5ec1e4c30927","Dr. M. Dhanapal (2025-31)","Rajya Sabha","Tamil Nadu","Sitting Rajya Sabha","89248285.42","23989964","26.88002787628231","27","24","52.94117647058824","-3","65258321.42","20303393","20303393","3686571","15.367138525093244","","","",""
"","6a90d9e260cc5ec1e4c30951","Shri Birendra Prasad Baishya (2025-31)","Rajya Sabha","Assam","Sitting Rajya Sabha","98000000","26290330","26.826867346938776","1","44","2.2222222222222223","43","71709670","995373","995373","25294957","96.21391971877112","","","",""
"","6a90d9df60cc5ec1e4c305bc","KALYAN VAIJINATHRAO KALE","Lok Sabha","Maharashtra","JALNA","147000000","39254291","26.70359931972789","19","42","31.147540983606557","23","107745709","18358754","18358754","20895537","53.23121744830394","","","",""
"","6a90d9df60cc5ec1e4c30520","BAPI HALDAR","Lok Sabha","West Bengal","MATHURAPUR","147000000","39006328","26.534917006802722","87","78","52.72727272727272","-9","107993672","33330839","33330839","5675489","14.550175038265586","","","",""
"","6a90d9df60cc5ec1e4c30684","SHIVRAJ SINGH CHOUHAN","Lok Sabha","Madhya Pradesh","VIDISHA","147000000","38851625","26.4296768707483","10","97","9.345794392523365","87","108148375","6443125","6443125","32408500","83.4160733302661","","","",""
"","6a90d9e260cc5ec1e4c30925","Dr. L. Murugan (2024-30)","Rajya Sabha","Madhya Pradesh","Sitting Rajya Sabha","147000000","38699774","26.326376870748298","6","32","15.789473684210526","26","108300226","7699574","7699574","31000200","80.10434376180078","","","",""
"","6a90d9df60cc5ec1e4c305e5","MAHIMA KUMARI MEWAR","Lok Sabha","Rajasthan","RAJSAMAND","183892143","48238044","26.23170474444903","26","109","19.25925925925926","83","135654099","21655271","21655271","26582773","55.10748528692415","","","",""
"","6a90d9df60cc5ec1e4c305a4","JASHUBHAI BHILUBHAI RATHVA","Lok Sabha","Gujarat","CHHOTA UDAIPUR","147000000","38424412","26.139055782312926","96","248","27.906976744186046","152","108575588","32109147","32109147","6315265","16.435554043091148","","","",""
"","6a90d9e260cc5ec1e4c30978","Shri Kanad Purkayastha (2025-31)","Rajya Sabha","Assam","Sitting Rajya Sabha","98000000","25601397","26.123874489795917","0","50","0","50","72398603","0","0","25601397","100","","","",""
"","6a90d9df60cc5ec1e4c30669","SAMBIT PATRA","Lok Sabha","Odisha","PURI","147000000","38354750","26.09166666666667","548","175","75.79529737206086","-373","108645250","31620874","31620874","6733876","17.556824122175218","","","",""
"","6a90d9df60cc5ec1e4c304dc","ADHIKARI SOUMENDU","Lok Sabha","West Bengal","KANTHI","147000000","38304241","26.057306802721087","29","41","41.42857142857143","12","108695759","36121123","36121123","2183118","5.6994158949657825","","","",""
"","6a90d9df60cc5ec1e4c306f2","Y S Avinash Reddy","Lok Sabha","Andhra Pradesh","KADAPA","156430260.11","40434883","25.848504612577283","57","243","19","186","115995377.11000001","29441518","29441518","10993365","27.187824433670304","","","",""
"","6a90d9e260cc5ec1e4c3093d","Shri A. A. Rahim (2022-28)","Rajya Sabha","Kerala","Sitting Rajya Sabha","220563957.11","56633403","25.67663535876612","17","58","22.666666666666664","41","163930554.11","26629839","26629839","30003564","52.978564611418456","","","",""
"","6a90d9df60cc5ec1e4c30552","DEVESH CHANDRA THAKUR","Lok Sabha","Bihar","SITAMARHI","163809205.11","41894417","25.57512990302795","119","90","56.9377990430622","-29","121914788.11000001","38054803","38054803","3839614","9.164977758253565","","","",""
"","6a90d9df60cc5ec1e4c305ff","MUHAMMED HAMDULLAH SAYEED","Lok Sabha","Lakshadweep","LAKSHADWEEP","153942460.41","39337535","25.553401508090133","2","26","7.142857142857142","24","114604925.41","1633047","1633047","37704488","95.84862905110857","","","",""
"","6a90d9df60cc5ec1e4c30576","DR.K.SUDHAKAR","Lok Sabha","Karnataka","CHIKBALLAPUR","147000000","37553975","25.54692176870748","18","142","11.25","124","109446025","8044009","8044009","29509966","78.58013965232709","","","",""
"","6a90d9e260cc5ec1e4c309c5","Shri Sandosh Kumar P (2022-28)","Rajya Sabha","Kerala","Sitting Rajya Sabha","220563957.11","55957933","25.370388586242388","29","75","27.884615384615387","46","164606024.11","29703001","29703001","26254932","46.919052567577864","","","",""
"","6a90d9e260cc5ec1e4c3092c","Dr. Parmar Jashvantsinh Salamsinh (2024-30)","Rajya Sabha","Gujarat","Sitting Rajya Sabha","147000000","37139089","25.264686394557824","61","312","16.353887399463808","251","109860911","26672911","26672911","10466178","28.18103050400617","","","",""
"","6a90d9df60cc5ec1e4c304fd","Annpurna Devi ","Lok Sabha","Jharkhand","KODARMA","166665931.8","42079828","25.24800812351742","85","303","21.90721649484536","218","124586103.80000001","24734006","24734006","17345822","41.221228375743365","","","",""
"","6a90d9df60cc5ec1e4c30673","Saptagiri Sankar Ulaka","Lok Sabha","Odisha","KORAPUT","269500000","67850166","25.176313914656774","159","416","27.652173913043477","257","201649834","46662417","46662417","21187749","31.22726184634537","","","",""
"","6a90d9df60cc5ec1e4c305ac","JUNE MALIAH","Lok Sabha","West Bengal","MEDINIPUR","147000000","36949288","25.135570068027214","7","24","22.58064516129032","17","110050712","18832040","18832040","18117248","49.03273914236183","","","",""
"","6a90d9df60cc5ec1e4c30559","DHAVAL LAXMANBHAI PATEL","Lok Sabha","Gujarat","VALSAD","147000000","36923530","25.11804761904762","60","176","25.423728813559322","116","110076470","32437956","32437956","4485574","12.148280513807862","","","",""
"","6a90d9df60cc5ec1e4c30565","DR RAJKUMAR SANGWAN","Lok Sabha","Uttar Pradesh","BAGHPAT","147000000","36662976","24.9408","16","103","13.445378151260504","87","110337024","10927859","10927859","25735117","70.19374804707616","","","",""
"","6a90d9e260cc5ec1e4c309e6","Smt. Jebi Mather Hisham (2022-28)","Rajya Sabha","Kerala","Sitting Rajya Sabha","220563957.11","54417993","24.672205610121768","47","72","39.49579831932773","25","166145964.11","41671596","41671596","12746397","23.423129552021514","","","",""
"","6a90d9df60cc5ec1e4c304db","Abu Taher Khan","Lok Sabha","West Bengal","MURSHIDABAD","147000000","36162113","24.6000768707483","172","156","52.4390243902439","-16","110837887","29714725","29714725","6447388","17.829124089070792","","","",""
"","6a90d9df60cc5ec1e4c305cf","KONDA VISHWESHWAR REDDY","Lok Sabha","Telangana","CHELVELLA","233721420.96","57214092","24.479609855611756","180","339","34.68208092485549","159","176507328.96","47532371","47532371","9681721","16.921916719398432","","","",""
"","6a90d9df60cc5ec1e4c30676","SATPAL BRAHAMCHARI","Lok Sabha","Haryana","SONEPAT","147000000","35904950","24.42513605442177","19","212","8.225108225108226","193","111095050","11241216","11241216","24663734","68.69173749023464","","","",""
"","6a90d9df60cc5ec1e4c306a7","Shri Suresh Kodikunnil","Lok Sabha","Kerala","MAVELIKKARA","172429519.11","41963456","24.336584719713656","58","133","30.36649214659686","75","130466063.11000001","26813391","26813391","15150065","36.10299637856329","","","",""
"","6a90d9df60cc5ec1e4c306ad","Shrirang Appa Barne","Lok Sabha","Maharashtra","MAVAL","147000000","35720911","24.29993945578231","32","75","29.906542056074763","43","111279089","23546814","23546814","12174097","34.08114927416045","","","",""
"","6a90d9df60cc5ec1e4c3058d","GODAM NAGESH","Lok Sabha","Telangana","ADILABAD","147000000","35717086","24.297337414965988","80","277","22.408963585434176","197","111282914","17451632","17451632","18265454","51.139261472786444","","","",""
"","6a90d9df60cc5ec1e4c305c0","Kamlesh Paswan","Lok Sabha","Uttar Pradesh","BANSGAON","147000000","35635253","24.241668707482994","0","124","0","124","111364747","0","0","35635253","100","","","",""
"","6a90d9df60cc5ec1e4c305a0","Jagdambika Pal","Lok Sabha","Uttar Pradesh","DOMARIYAGANJ","160643957.11","38873088","24.198288375940518","0","75","0","75","121770869.11000001","0","0","38873088","100","","","",""
"","6a90d9df60cc5ec1e4c305f0","MANNA LAL RAWAT","Lok Sabha","Rajasthan","UDAIPUR","147000000","35533993","24.1727843537415","24","176","12","152","111466007","23891612","23891612","11642381","32.76406622807631","","","",""
"","6a90d9e260cc5ec1e4c30940","Shri Ajay Makan (2024-30)","Rajya Sabha","Karnataka","Sitting Rajya Sabha","147000000","35435523","24.105797959183672","2","11","15.384615384615385","9","111564477","1379107","1379107","34056416","96.10812291383424","","","",""
"","6a90d9df60cc5ec1e4c30691","Shri Bhartruhari Mahtab","Lok Sabha","Odisha","CUTTACK","147000000","35411567","24.08950136054422","86","397","17.805383022774325","311","111588433","25600877","25600877","9810690","27.704760989537686","","","",""
"","6a90d9df60cc5ec1e4c3056e","DR. MANSUKH MANDAVIYA","Lok Sabha","Gujarat","PORBANDAR","147000000","34762587","23.64801836734694","72","238","23.225806451612904","166","112237413","27644193","27644193","7118394","20.477169895324536","","","",""
"","6a90d9df60cc5ec1e4c3068d","Shri Arjun Ram Meghwal","Lok Sabha","Rajasthan","BIKANER","147000000","34700414","23.60572380952381","17","62","21.518987341772153","45","112299586","19586063","19586063","15114351","43.556687825107794","","","",""
"","6a90d9df60cc5ec1e4c30633","R.K. CHAUDHARY","Lok Sabha","Uttar Pradesh","MOHANLALGANJ","147000000","34622708","23.552862585034013","14","79","15.053763440860216","65","112377292","3010942","3010942","31611766","91.30356296798044","","","",""
"","6a90d9e260cc5ec1e4c30920","Dr. John Brittas (2021-27)","Rajya Sabha","Kerala","Sitting Rajya Sabha","245063957.11","57506835","23.46605175161982","36","108","25","72","187557122.11","52630093","52630093","4876742","8.48028238730231","","","",""
"","6a90d9df60cc5ec1e4c30605","NABA CHARAN MAJHI","Lok Sabha","Odisha","MAYURBHANJ","147563957.11","34422207","23.326974739732904","27","194","12.217194570135746","167","113141750.11000001","13783962","13783962","20638245","59.956193395734324","","","",""
"","6a90d9df60cc5ec1e4c30635","RACHNA BANERJEE","Lok Sabha","West Bengal","HOOGHLY","147000000","34234471","23.288755782312926","36","68","34.61538461538461","32","112765529","14998488","14998488","19235983","56.18893015755961","","","",""
"","6a90d9e260cc5ec1e4c30961","Shri Ghanshyam Tiwari (2022-28)","Rajya Sabha","Rajasthan","Sitting Rajya Sabha","196063957.11","45570943","23.242896691324457","28","60","31.818181818181817","32","150493014.11","29098344","29098344","16472599","36.14715411967666","","","",""
"","6a90d9df60cc5ec1e4c30529","BHASKAR MURLIDHAR BHAGARE","Lok Sabha","Maharashtra","DINDORI","147000000","34081627","23.184780272108842","19","100","15.966386554621847","81","112918373","19056745","19056745","15024882","44.08499042607326","","","",""
"","6a90d9e260cc5ec1e4c309ee","Smt. Phulo Devi Netam (2026-32)","Rajya Sabha","Chhattisgarh","Sitting Rajya Sabha","49000000","11348157","23.159504081632655","0","81","0","81","37651843","0","0","11348157","100","","","",""
"","6a90d9df60cc5ec1e4c304f2","AMRINDER SINGH RAJA WARRING","Lok Sabha","Punjab","LUDHIANA","147000000","33972409","23.11048231292517","59","187","23.983739837398375","128","113027591","18372811","18372811","15599598","45.918433396936905","","","",""
"","6a90d9e260cc5ec1e4c309ef","Smt. Rajathi (2025-31)","Rajya Sabha","Tamil Nadu","Sitting Rajya Sabha","89248285.42","20612106","23.09524032086442","16","39","29.09090909090909","23","68636179.42","10000000","10000000","10612106","51.48482158979776","","","",""
"","6a90d9df60cc5ec1e4c304f1","AMRARAM","Lok Sabha","Rajasthan","SIKAR","165691544.11","38165228","23.03390206482879","49","122","28.654970760233915","73","127526316.11000001","24765138","24765138","13400090","35.11072958872406","","","",""
"","6a90d9df60cc5ec1e4c30544","CHHATRAPATI SHAHU SHAHAJI","Lok Sabha","Maharashtra","KOLHAPUR","147000000","33696592","22.922851700680273","22","79","21.782178217821784","57","113303408","21542554","21542554","12154038","36.069042234300724","","","",""
"","6a90d9df60cc5ec1e4c30519","BAJRANG MANOHAR SONWANE","Lok Sabha","Maharashtra","BEED","165899107.19","37977152","22.8917157200284","20","80","20","60","127921955.19","19342448","19342448","18634704","49.06819763630511","","","",""
"","6a90d9e260cc5ec1e4c30935","Dr. Sudhanshu Trivedi (2024-30)","Rajya Sabha","Uttar Pradesh","Sitting Rajya Sabha","147000000","33646948","22.889080272108846","14","39","26.41509433962264","25","113353052","16886943","16886943","16760005","49.81136773534408","","","",""
"","6a90d9df60cc5ec1e4c306f0","VISHWESHWAR HEGDE KAGERI","Lok Sabha","Karnataka","UTTARA KANNADA","147000000","33350000","22.687074829931973","30","113","20.97902097902098","83","113650000","20900000","20900000","12450000","37.331334332833585","","","",""
"","6a90d9e260cc5ec1e4c309e1","Shri Yerram Venkata Subba Reddy (2024-30)","Rajya Sabha","Andhra Pradesh","Sitting Rajya Sabha","147000000","33232213","22.606947619047617","38","104","26.76056338028169","66","113767787","18636903","18636903","14595310","43.919163613930856","","","",""
"","6a90d9df60cc5ec1e4c306c3","SUDHA R","Lok Sabha","Tamil Nadu","MAYILADUTHURAI","147332315.11","33193145","22.529439638016694","22","127","14.76510067114094","105","114139170.11000001","17100375","17100375","16092770","48.48220920313517","","","",""
"","6a90d9df60cc5ec1e4c3058b","Giriraj Singh","Lok Sabha","Bihar","BEGUSARAI","147000000","32994877","22.445494557823128","17","50","25.37313432835821","33","114005123","21896679","21896679","11098198","33.636124783856594","","","",""
"","6a90d9df60cc5ec1e4c305d5","KRITI DEVI DEBBARMAN","Lok Sabha","Tripura","TRIPURA EAST","147000000","32934783","22.404614285714285","13","29","30.952380952380953","16","114065217","12500000","12500000","20434783","62.04620507139822","","","",""
"","6a90d9df60cc5ec1e4c304ed","AMAR SHARADRAO KALE","Lok Sabha","Maharashtra","WARDHA","147000000","32855968","22.35099863945578","29","79","26.851851851851855","50","114144032","24499418","24499418","8356550","25.433887688227603","","","",""
"","6a90d9df60cc5ec1e4c30560","Dr Chandra Sekhar Pemmasani","Lok Sabha","Andhra Pradesh","GUNTUR","159774113.11","35682555","22.33312662823768","9","87","9.375","78","124091558.11000001","11590846","11590846","24091709","67.51677115049637","","","",""
"","6a90d9df60cc5ec1e4c304e8","AKHILESH YADAV","Lok Sabha","Uttar Pradesh","KANNAUJ","147000000","32453607","22.07728367346939","39","200","16.317991631799163","161","114546393","6951398","6951398","25502209","78.58050724531175","","","",""
"","6a90d9e260cc5ec1e4c309c0","Shri Sadanand Mhalu Shet Tanavade (2023-29)","Rajya Sabha","Goa","Sitting Rajya Sabha","171500000","37836353.99","22.062013988338194","8","33","19.51219512195122","25","133663646.00999999","22833518.990000002","22833518.990000002","15002835","39.65190463109947","","","",""
"","6a90d9e260cc5ec1e4c30983","Shri Madan Rathore (2024-30)","Rajya Sabha","Rajasthan","Sitting Rajya Sabha","147000000","32342754","22.001873469387757","21","111","15.909090909090908","90","114657246","16038953","16038953","16303801","50.40943946826544","","","",""
"","6a90d9e260cc5ec1e4c3095d","Shri Dhananjay Bhimrao Mahadik (2022-28)","Rajya Sabha","Maharashtra","Sitting Rajya Sabha","220383643.11","48415797","21.968870428298636","32","126","20.253164556962027","94","171967846.11","39394693","39394693","9021104","18.63256325203115","","","",""
"","6a90d9df60cc5ec1e4c306e0","V. SOMANNA","Lok Sabha","Karnataka","TUMKUR","147000000","32293790","21.96856462585034","4","57","6.557377049180328","53","114706210","7214529","7214529","25079261","77.65970175690124","","","",""
"","6a90d9df60cc5ec1e4c3052b","BHOJRAJ NAG","Lok Sabha","Chhattisgarh","KANKER","164672734.11","35985836","21.85294134726746","29","44","39.726027397260275","15","128686898.11000001","19984971","19984971","16000865","44.46434147034961","","","",""
"","6a90d9df60cc5ec1e4c30598","Hasmukh Bhai Soma Bhai Patel","Lok Sabha","Gujarat","AHMEDABAD EAST","147000000","32021270","21.7831768707483","20","176","10.204081632653061","156","114978730","13861338","13861338","18159932","56.712091681560416","","","",""
"","6a90d9df60cc5ec1e4c3059d","JAGADISH CHANDRA BARMA BASUNIA","Lok Sabha","West Bengal","COOCHBEHAR","168604641.11","36689865","21.760886745734965","1","96","1.0309278350515463","95","131914776.11000001","4898435","4898435","31791430","86.64907870334218","","","",""
"","6a90d9df60cc5ec1e4c30549","D M Kathir Anand","Lok Sabha","Tamil Nadu","VELLORE","160196941.11","34828146","21.740830853995572","15","67","18.29268292682927","52","125368795.11000001","16990701","16990701","17837445","51.21560303554487","","","",""
"","6a90d9df60cc5ec1e4c304e0","ADV GOWAAL KAGADA PADAVI","Lok Sabha","Maharashtra","NANDURBAR","147816309.11","32041066","21.67627252562239","189","90","67.74193548387096","-99","115775243.11000001","32041066","32041066","0","0","","","",""
"","6a90d9df60cc5ec1e4c30618","PARTHA BHOWMICK","Lok Sabha","West Bengal","BARRACKPUR","147000000","31114929","21.16661836734694","4","28","12.5","24","115885071","6564023","6564023","24550906","78.90394350570429","","","",""
"","6a90d9df60cc5ec1e4c30622","PRADEEP PUROHIT","Lok Sabha","Odisha","BARGARH","147000000","30901278","21.021277551020408","41","241","14.539007092198581","200","116098722","14017223","14017223","16884055","54.63869487857428","","","",""
"","6a90d9df60cc5ec1e4c3057d","E.T. MOHAMMED BASHEER","Lok Sabha","Kerala","MALAPPURAM","163895872.11","34451493","21.020354299635812","40","150","21.052631578947366","110","129444379.11000001","17039585","17039585","17411908","50.54035829448669","","","",""
"","6a90d9df60cc5ec1e4c3061d","Piyush Vedprakash Goyal","Lok Sabha","Maharashtra","MUMBAI NORTH","147000000","30848998","20.98571292517007","0","49","0","49","116151002","0","0","30848998","100","","","",""
"","6a90d9df60cc5ec1e4c305e0","MADHAVANENI RAGHUNANDAN RAO","Lok Sabha","Telangana","MEDAK","147000000","30484168","20.737529251700682","41","141","22.52747252747253","100","116515832","22868518","22868518","7615650","24.982312130021064","","","",""
"","6a90d9e260cc5ec1e4c3098b","Shri Masthan Rao Yadav Beedha (2024-28)","Rajya Sabha","Andhra Pradesh","Sitting Rajya Sabha","171296045.11","35512349","20.731563870721754","33","87","27.500000000000004","54","135783696.11","26747369","26747369","8764980","24.681498821719735","","","",""
"","6a90d9df60cc5ec1e4c30699","Shri Jugal Kishore Sharma","Lok Sabha","Jammu And Kashmir","JAMMU","147000000","30369749","20.659693197278912","42","169","19.90521327014218","127","116630251","13761856","13761856","16607893","54.6856445866576","","","",""
"","6a90d9df60cc5ec1e4c306b3","Smt Aparajita Sarangi","Lok Sabha","Odisha","BHUBANESWAR","147420861.41","30447444","20.653416150731204","47","230","16.967509025270758","183","116973417.41","11453987","11453987","18993457","62.381121384113555","","","",""
"","6a90d9df60cc5ec1e4c3054f","DARSHAN SINGH CHOUDHARY","Lok Sabha","Madhya Pradesh","HOSHANGABAD","147000000","30022552","20.423504761904763","49","348","12.34256926952141","299","116977448","5286493","5286493","24736059","82.39159349278502","","","",""
"","6a90d9e260cc5ec1e4c30973","Shri Jayant Chaudhary (2022-28)","Rajya Sabha","Uttar Pradesh","Sitting Rajya Sabha","214074707.67000002","43141697","20.15263618460883","8","16","33.33333333333333","8","170933010.67000002","16794438","16794438","26347259","61.071447884861826","","","",""
"","6a90d9e260cc5ec1e4c3096c","Shri Ilaiyaraaja (2022-28)","Rajya Sabha","Tamil Nadu","Nominated Rajya Sabha","220563957.11","44381022","20.12161124669441","17","10","62.96296296296296","-7","176182935.11","31948688","31948688","12432334","28.012725799779915","","","",""
"","6a90d9e260cc5ec1e4c309d2","Shri Subhash Barala (2024-30)","Rajya Sabha","Haryana","Sitting Rajya Sabha","147000000","29532538","20.090161904761906","4","73","5.194805194805195","69","117467462","4163539","4163539","25368999","85.90185848571498","","","",""
"","6a90d9df60cc5ec1e4c304f5","ANANTA NAYAK","Lok Sabha","Odisha","KEONJHAR","147000000","29211360","19.871673469387755","17","323","5","306","117788640","5050000","5050000","24161360","82.7122051147225","","","",""
"","6a90d9df60cc5ec1e4c304e1","ADV K FRANCIS GEORGE","Lok Sabha","Kerala","KOTTAYAM","188722256.11","37467974","19.853500467989925","53","298","15.0997150997151","245","151254282.11","28048193","28048193","9419781","25.140886987911333","","","",""
"","6a90d9df60cc5ec1e4c3050a","Arvind Ganpat Sawant","Lok Sabha","Maharashtra","MUMBAI SOUTH","147000000","28859509","19.63231904761905","14","46","23.333333333333332","32","118140491","20872843","20872843","7986666","27.674296191248438","","","",""
"","6a90d9df60cc5ec1e4c30563","DR KALGE SHIVAJI BANDAPPA","Lok Sabha","Maharashtra","LATUR","147000000","28846420","19.623414965986395","26","89","22.608695652173914","63","118153580","21271865","21271865","7574555","26.258215057535732","","","",""
"","6a90d9df60cc5ec1e4c306e7","Vijay Kumar Hansdak","Lok Sabha","Jharkhand","RAJMAHAL","147223957.11","28886697","19.62092146349319","0","468","0","468","118337260.11000001","0","0","28886697","100","","","",""
"","6a90d9df60cc5ec1e4c30609","NARESH CHANDRA UTTAM PATEL","Lok Sabha","Uttar Pradesh","FATEHPUR","147000000","28783210","19.580414965986396","12","74","13.953488372093023","62","118216790","13540314","13540314","15242896","52.95759576503107","","","",""
"","6a90d9e260cc5ec1e4c309c2","Shri Samik Bhattacharya (2024-30)","Rajya Sabha","West Bengal","Sitting Rajya Sabha","147000000","28774223","19.57430136054422","10","41","19.607843137254903","31","118225777","14142226","14142226","14631997","50.85105860199943","","","",""
"","6a90d9df60cc5ec1e4c30655","Ramvir Singh Bidhuri","Lok Sabha","Delhi","SOUTH DELHI","147559100","28849836","19.551377041470165","41","82","33.33333333333333","41","118709264","21147903","21147903","7701933","26.69662662900406","","","",""
"","6a90d9df60cc5ec1e4c306cf","SURESH KUMAR SHETKAR","Lok Sabha","Telangana","ZAHIRABAD","147000000","28674768","19.506644897959184","64","291","18.028169014084508","227","118325232","12400782","12400782","16273986","56.75367975078299","","","",""
"","6a90d9df60cc5ec1e4c304de","Adv Adoor Prakash ","Lok Sabha","Kerala","ATTINGAL","147000000","28617364","19.46759455782313","108","337","24.269662921348313","229","118382636","26454623","26454623","2162741","7.557443096436136","","","",""
"","6a90d9df60cc5ec1e4c306d1","T Sumathy (A) Thamizhachi Thangapandian ","Lok Sabha","Tamil Nadu","CHENNAI SOUTH","147000000","28530278","19.408352380952383","5","25","16.666666666666664","20","118469722","18246848","18246848","10283430","36.04391797374004","","","",""
"","6a90d9e260cc5ec1e4c30926","Dr. Laxmikant Bajpayee (2022-28)","Rajya Sabha","Uttar Pradesh","Sitting Rajya Sabha","196000000","37937707","19.355972959183674","4","62","6.0606060606060606","58","158062293","6012295","6012295","31925412","84.15219190764482","","","",""
"","6a90d9df60cc5ec1e4c305b0","K RADHAKRISHNAN","Lok Sabha","Kerala","ALATHUR","147000000","28066021","19.092531292517005","15","171","8.064516129032258","156","118933979","24293135","24293135","3772886","13.442895948805852","","","",""
"","6a90d9e260cc5ec1e4c3091a","Dr. Ashok Kumar Mittal (2022-28)","Rajya Sabha","Punjab","Sitting Rajya Sabha","222487632.14","41747005","18.76374187565211","15","32","31.914893617021278","17","180740627.14","25534470","25534470","16212535","38.83520506441121","","","",""
"","6a90d9df60cc5ec1e4c3061f","Prabhubhai Nagarbhai Vasava","Lok Sabha","Gujarat","BARDOLI","147000000","27468376","18.68597006802721","62","253","19.682539682539684","191","119531624","19899308","19899308","7569068","27.55557154161571","","","",""
"","6a90d9df60cc5ec1e4c305b4","KADIYAM KAVYA","Lok Sabha","Telangana","WARANGEL","147000000","27189421","18.49620476190476","53","161","24.766355140186917","108","119810579","19492958","19492958","7696463","28.306829336306944","","","",""
"","6a90d9df60cc5ec1e4c306a2","Shri Rajmohan Unnithan ","Lok Sabha","Kerala","KASARAGOD","156754633.11","28932795","18.45737789434069","56","151","27.053140096618357","95","127821838.11000001","13539308","13539308","15393487","53.20428600140429","","","",""
"","6a90d9df60cc5ec1e4c30513","AZAD KIRTI JHA","Lok Sabha","West Bengal","BARDHAMAN-DURGAPUR","179658399.98","33156887","18.45551725034349","6","106","5.357142857142857","100","146501512.98","11925284","11925284","21231603","64.03376468967066","","","",""
"","6a90d9e260cc5ec1e4c309bc","Shri S. Jaishankar (2023-29)","Rajya Sabha","Gujarat","Sitting Rajya Sabha","171500000","31616893","18.43550612244898","51","112","31.28834355828221","61","139883107","27596399","27596399","4020494","12.71628429776449","","","",""
"","6a90d9df60cc5ec1e4c30639","RAHUL GANDHI","Lok Sabha","Uttar Pradesh","RAE BARELI","147000000","27068171","18.413721768707482","74","118","38.54166666666667","44","119931829","3829989","3829989","23238182","85.8505807429693","","","",""
"","6a90d9df60cc5ec1e4c304ff","Anto Antony","Lok Sabha","Kerala","PATHANAMTHITTA","147000000","26984855","18.357044217687076","60","296","16.853932584269664","236","120015145","14782777","14782777","12202078","45.21824556774531","","","",""
"","6a90d9df60cc5ec1e4c3069c","Shri Kumbakudi Sudhakaran","Lok Sabha","Kerala","KANNUR","147000000","26785182","18.22121224489796","61","232","20.819112627986346","171","120214818","18190579","18190579","8594603","32.08715550262081","","","",""
"","6a90d9df60cc5ec1e4c3067a","SELJA","Lok Sabha","Haryana","SIRSA","147000000","26548478","18.060189115646256","59","251","19.032258064516128","192","120451522","12188846","12188846","14359632","54.088343595440755","","","",""
"","6a90d9df60cc5ec1e4c305a5","Jaswantsinh Sumanbhai Bhabhor","Lok Sabha","Gujarat","DAHOD","147000000","26431145","17.980370748299322","68","327","17.21518987341772","259","120568855","20262293","20262293","6168852","23.33932941611118","","","",""
"","6a90d9df60cc5ec1e4c3062a","Praveen Khandelwal","Lok Sabha","Delhi","CHANDINI CHOWK","147470276","26487847","17.961481946368636","35","34","50.72463768115942","-1","120982429","18719869","18719869","7767978","29.326573805715505","","","",""
"","6a90d9df60cc5ec1e4c30601","MUKESHKUMAR CHANDRAKAANT DALAL","Lok Sabha","Gujarat","SURAT","147000000","26395724","17.956274829931974","92","128","41.81818181818181","36","120604276","22916852","22916852","3478872","13.17968016334767","","","",""
"","6a90d9e260cc5ec1e4c30942","Shri Amar Pal Maurya (2024-30)","Rajya Sabha","Uttar Pradesh","Sitting Rajya Sabha","147000000","26365566","17.93575918367347","18","120","13.043478260869565","102","120634434","14305309","14305309","12060257","45.742454381597575","","","",""
"","6a90d9df60cc5ec1e4c30589","GENIBEN NAGAJI THAKOR","Lok Sabha","Gujarat","BANASKANTHA","147000000","26332572","17.913314285714286","41","127","24.404761904761905","86","120667428","16146199","16146199","10186373","38.683547509145704","","","",""
"","6a90d9df60cc5ec1e4c304d8","ABDUL RASHID SHEIKH","Lok Sabha","Jammu And Kashmir","BARAMULLAH","154773472.11","27714021","17.906182902134027","44","114","27.848101265822784","70","127059451.11000001","20833605","20833605","6880416","24.826480430248647","","","",""
"","6a90d9df60cc5ec1e4c30541","CHARANJIT SINGH CHANNI","Lok Sabha","Punjab","JALANDHAR","147000000","26222604","17.83850612244898","58","151","27.751196172248804","93","120777396","16142841","16142841","10079763","38.43921450363968","","","",""
"","6a90d9df60cc5ec1e4c30649","RAJPALSINH MAHENDRASINH JADAV","Lok Sabha","Gujarat","PANCHMAHAL","147000000","26159198","17.795372789115646","89","372","19.305856832971802","283","120840802","18276551","18276551","7882647","30.13336647400276","","","",""
"","6a90d9df60cc5ec1e4c30539","C.M.RAMESH","Lok Sabha","Andhra Pradesh","ANAKAPALLE","202531656.11","36002667","17.776315906114966","20","75","21.052631578947366","55","166528989.11","19053089","19053089","16949578","47.07867336605924","","","",""
"","6a90d9df60cc5ec1e4c3055b","Dilip Saikia","Lok Sabha","Assam","Darrang-Udalguri","147000000","26110389","17.762169387755105","5","225","2.1739130434782608","220","120889611","1700000","1700000","24410389","93.48918164336808","","","",""
"","6a90d9df60cc5ec1e4c3067e","SHAMBHAVI","Lok Sabha","Bihar","SAMASTIPUR","147000000","26090816","17.74885442176871","16","111","12.598425196850393","95","120909184","12853330","12853330","13237486","50.73619008313117","","","",""
"","6a90d9e260cc5ec1e4c30963","Shri Govindbhai Laljibhai Dholakia (2024-30)","Rajya Sabha","Gujarat","Sitting Rajya Sabha","147000000","25955567","17.656848299319726","44","78","36.0655737704918","34","121044433","17582444","17582444","8373123","32.259449389027026","","","",""
"","6a90d9df60cc5ec1e4c306b8","Smt Poonamben Hematbhai Maadam","Lok Sabha","Gujarat","JAMNAGAR","147000000","25917848","17.631189115646258","45","134","25.139664804469277","89","121082152","19856441","19856441","6061407","23.38699956879136","","","",""
"","6a90d9df60cc5ec1e4c3060e","NIMUBEN JAYANTIBHAI BAMBHANIYA","Lok Sabha","Gujarat","BHAVNAGAR","147000000","25662379","17.45740068027211","28","34","45.16129032258064","6","121337621","19168805","19168805","6493574","25.303866021151038","","","",""
"","6a90d9df60cc5ec1e4c305ee","MANISH TEWARI","Lok Sabha","Chandigarh","CHANDIGARH","178351443.75","31091008","17.43243976403191","31","81","27.67857142857143","50","147260435.75","15427535","15427535","15663473","50.37943124906082","","","",""
"","6a90d9df60cc5ec1e4c30690","Shri Benny Behanan","Lok Sabha","Kerala","CHALAKUDY","164674770.11","28691022","17.42284017207668","13","157","7.647058823529412","144","135983748.11","12792868","12792868","15898154","55.4115987921239","","","",""
"","6a90d9df60cc5ec1e4c306d8","Thiru Dayanidhi Maran","Lok Sabha","Tamil Nadu","CHENNAI CENTRAL","147000000","25568733","17.393695918367346","4","8","33.33333333333333","4","121431267","25568733","25568733","0","0","","","",""
"","6a90d9df60cc5ec1e4c30612","Om Birla","Lok Sabha","Rajasthan","KOTA","163906956.6","28500390","17.388151541092064","15","46","24.59016393442623","31","135406566.6","12085606","12085606","16414784","57.59494519197808","","","",""
"","6a90d9e260cc5ec1e4c309a3","Shri Praful Patel (2024-30)","Rajya Sabha","Maharashtra","Sitting Rajya Sabha","147000000","25340576","17.23848707482993","22","95","18.803418803418804","73","121659424","15664898","15664898","9675678","38.18254959950397","","","",""
"","6a90d9df60cc5ec1e4c306bc","Smt Sandhya Ray","Lok Sabha","Madhya Pradesh","BHIND","147000000","25218035","17.155125850340134","61","68","47.286821705426355","7","121781965","12175844","12175844","13042191","51.717713136650026","","","",""
"","6a90d9e260cc5ec1e4c3096b","Shri I.S. Inbadurai (2025-31)","Rajya Sabha","Tamil Nadu","Sitting Rajya Sabha","89248285.42","15065385","16.880307480533332","12","71","14.457831325301203","59","74182900.42","6757497","6757497","8307888","55.145540588574406","","","",""
"","6a90d9df60cc5ec1e4c305f6","MIAN ALTAF AHMAD","Lok Sabha","Jammu And Kashmir","ANANTNAG","147000000","24523857","16.682895918367347","14","113","11.023622047244094","99","122476143","6935236","6935236","17588621","71.72045164021303","","","",""
"","6a90d9df60cc5ec1e4c30568","Dr Sukanta Majumdar ","Lok Sabha","West Bengal","BALURGHAT","157085364.9","26156776","16.651313135791685","33","153","17.741935483870968","120","130928588.9","16283854","16283854","9872922","37.74517929885548","","","",""
"","6a90d9df60cc5ec1e4c30597","Harsh Malhotra","Lok Sabha","Delhi","EAST DELHI","147134131","24390277","16.5768994822826","51","61","45.535714285714285","10","122743854","21860766","21860766","2529511","10.370981026578747","","","",""
"","6a90d9e260cc5ec1e4c30987","Shri Manan Kumar Mishra (2024-28)","Rajya Sabha","Bihar","Sitting Rajya Sabha","235263957.11","38457500","16.346532835889864","31","57","35.22727272727273","26","196806457.11","30091314","30091314","8366186","21.754367808619904","","","",""
"","6a90d9df60cc5ec1e4c306a3","Shri Sarbananda Sonowal (18LS)","Lok Sabha","Assam","DIBRUGARH","147000000","23919705","16.271908163265305","3","84","3.4482758620689653","81","123080295","2842773","2842773","21076932","88.11535092092481","","","",""
"","6a90d9df60cc5ec1e4c3060d","NILESH DNYANDEV LANKE","Lok Sabha","Maharashtra","AHMEDNAGAR","147000000","23809461","16.19691224489796","12","73","14.117647058823529","61","123190539","16354732","16354732","7454729","31.309944395633316","","","",""
"","6a90d9df60cc5ec1e4c305da","LAXMIKANT PAPPU NISHAD","Lok Sabha","Uttar Pradesh","SANT KABIR NAGAR","147000000","23806477","16.19488231292517","2","503","0.39603960396039606","501","123193523","1998365","1998365","21808112","91.60579282688488","","","",""
"","6a90d9df60cc5ec1e4c305d2","Krishan Pal Gurjar","Lok Sabha","Haryana","FARIDABAD","147000000","23658961","16.094531292517004","6","76","7.317073170731707","70","123341039","4454659","4454659","19204302","81.1713667392241","","","",""
"","6a90d9df60cc5ec1e4c306e1","Vaithilingam Ve","Lok Sabha","Puducherry","Puducherry","209368972.11","33557935","16.028131896434516","13","62","17.333333333333336","49","175811037.11","21280551","21280551","12277384","36.58563615431045","","","",""
"","6a90d9df60cc5ec1e4c30581","G. KUMAR NAIK","Lok Sabha","Karnataka","RAICHUR","147000000","23521564","16.00106394557823","9","119","7.03125","110","123478436","6475548","6475548","17046016","72.46973883199263","","","",""
"","6a90d9df60cc5ec1e4c3050c","ASHISH DUBEY","Lok Sabha","Madhya Pradesh","JABALPUR","147000000","23263814","15.82572380952381","15","328","4.373177842565598","313","123736186","4832336","4832336","18431478","79.22810077487725","","","",""
"","6a90d9e260cc5ec1e4c30975","Shri Jose K. Mani (2024-30)","Rajya Sabha","Kerala","Sitting Rajya Sabha","122500000","19384930","15.824432653061224","26","154","14.444444444444443","128","103115070","9977499","9977499","9407431","48.52961037259356","","","",""
"","6a90d9e260cc5ec1e4c30984","Shri Mahendra Bhatt (2024-30)","Rajya Sabha","Uttarakhand","Sitting Rajya Sabha","147000000","23254909","15.819665986394558","11","108","9.243697478991598","97","123745091","11203014","11203014","12051895","51.82516517265236","","","",""
"","6a90d9e260cc5ec1e4c30932","Dr. Sasmit Patra (2022-28)","Rajya Sabha","Odisha","Sitting Rajya Sabha","196063957.11","31000333","15.81133700295946","42","263","13.77049180327869","221","165063624.11","21585064","21585064","9415269","30.371509235078214","","","",""
"","6a90d9df60cc5ec1e4c30511","AVIMANYU SETHI","Lok Sabha","Odisha","BHADRAK","147000000","23107575","15.719438775510202","27","251","9.712230215827338","224","123892425","10250000","10250000","12857575","55.64225151276151","","","",""
"","6a90d9df60cc5ec1e4c306bf","Smt Supriya Sadanand Sule","Lok Sabha","Maharashtra","BARAMATI","147000000","23046333","15.677777551020409","10","116","7.936507936507936","106","123953667","7738002","7738002","15308331","66.42415086165768","","","",""
"","6a90d9df60cc5ec1e4c305c9","Khalilur Rahaman ","Lok Sabha","West Bengal","JANGIPUR","147000000","23028217","15.665453741496599","31","76","28.971962616822427","45","123971783","19089367","19089367","3938850","17.104450596413955","","","",""
"","6a90d9df60cc5ec1e4c3055d","DINESHBHAI MAKWANA","Lok Sabha","Gujarat","AHMEDABAD WEST","160434965.11","25122452","15.658963108680915","2","205","0.966183574879227","203","135312513.11","8122452","8122452","17000000","67.6685540089797","","","",""
"","6a90d9df60cc5ec1e4c30611","Nityanand Rai","Lok Sabha","Bihar","UJJARPUR","147000000","22994739","15.642679591836734","40","54","42.5531914893617","14","124005261","16494739","16494739","6500000","28.267335410938998","","","",""
"","6a90d9df60cc5ec1e4c30608","NARAYAN TATU RANE","Lok Sabha","Maharashtra","RATNAGIRI-SINDHUDURG","147000000","22993974","15.642159183673469","25","70","26.31578947368421","45","124006026","17520224","17520224","5473750","23.805149992776368","","","",""
"","6a90d9df60cc5ec1e4c30657","Rao Inderjit Singh","Lok Sabha","Haryana","GURGAON","147000000","22744840","15.472680272108844","14","34","29.166666666666668","20","124255160","15180698","15180698","7564142","33.25651884119651","","","",""
"","6a90d9e260cc5ec1e4c3097c","Shri Kesridevsinh Jhala (2023-29)","Rajya Sabha","Gujarat","Sitting Rajya Sabha","171500000","26513551","15.459796501457726","21","123","14.583333333333334","102","144986449","11956415","11956415","14557136","54.90451279045949","","","",""
"","6a90d9df60cc5ec1e4c3056b","DR. KIRSAN NAMDEO","Lok Sabha","Maharashtra","GADCHIROLI-CHIMUR","147000000","22599453","15.37377755102041","18","148","10.843373493975903","130","124400547","16072206","16072206","6527247","28.88232294825897","","","",""
"","6a90d9df60cc5ec1e4c30696","Shri Hibi Eden","Lok Sabha","Kerala","ERNAKULAM","162177260.11","24928980","15.37143985728419","18","94","16.071428571428573","76","137248280.11","20145979","20145979","4783001","19.186509034866248","","","",""
"","6a90d9e260cc5ec1e4c30993","Shri Narain Dass Gupta (2024-30)","Rajya Sabha","Delhi","Sitting Rajya Sabha","160837070","24703922","15.359594650661071","11","41","21.153846153846153","30","136133148","18500703","18500703","6203219","25.11025982028279","","","",""
"","6a90d9df60cc5ec1e4c30503","Appalanaidu Kalisetti","Lok Sabha","Andhra Pradesh","VIZIANAGARAM","147000000","22325622","15.187497959183673","36","67","34.95145631067961","31","124674378","13915411","13915411","8410211","37.67066825730544","","","",""
"","6a90d9e260cc5ec1e4c3099c","Shri P. P. Suneer (2024-30)","Rajya Sabha","Kerala","Sitting Rajya Sabha","122500000","18439441","15.052604897959185","19","69","21.59090909090909","50","104060559","10661718","10661718","7777723","42.179819876318376","","","",""
"","6a90d9e260cc5ec1e4c309ac","Shri Rajeev Shukla (2022-28)","Rajya Sabha","Chhattisgarh","Sitting Rajya Sabha","271174394.23","40599928","14.971888520405304","4","26","13.333333333333334","22","230574466.23000002","31540000","31540000","9059928","22.315133169694292","","","",""
"","6a90d9e260cc5ec1e4c309e5","Smt. Jaya Amitabh Bachchan (2024-30)","Rajya Sabha","Uttar Pradesh","Sitting Rajya Sabha","147000000","21904185","14.900806122448978","10","13","43.47826086956522","3","125095815","19565958","19565958","2338227","10.674795706847801","","","",""
"","6a90d9df60cc5ec1e4c30613","Omprakash Bhupalsinh Alias Pawan Rajenimbalkar","Lok Sabha","Maharashtra","OSMANABAD","184758519.11","27342263","14.798918681374138","29","164","15.025906735751295","135","157416256.11","19682980","19682980","7659283","28.012615488337595","","","",""
"","6a90d9df60cc5ec1e4c3064f","RAMASAHAYAM RAGHURAM REDDY","Lok Sabha","Telangana","KHAMMAM","147000000","21423748","14.573978231292518","18","194","8.49056603773585","176","125576252","8211610","8211610","13212138","61.67052562418116","","","",""
"","6a90d9e260cc5ec1e4c309aa","Shri Raghav Chadha (2022-28)","Rajya Sabha","Punjab","Sitting Rajya Sabha","237229207.25","34558312","14.567477757315652","4","2","66.66666666666666","-2","202670895.25","7086378","7086378","27471934","79.49443248269765","","","",""
"","6a90d9e260cc5ec1e4c309f1","Smt. Rekha Sharma (2024-28)","Rajya Sabha","Haryana","Sitting Rajya Sabha","98000000","14183077","14.47252755102041","1","144","0.6896551724137931","143","83816923","487913","487913","13695164","96.55989317409755","","","",""
"","6a90d9df60cc5ec1e4c30575","DR. SHARMILA SARKAR","Lok Sabha","West Bengal","BARDHAMAN PURBA","147000000","21224009","14.438101360544216","17","94","15.315315315315313","77","125775991","13306505","13306505","7917504","37.30446966923167","","","",""
"","6a90d9df60cc5ec1e4c306a6","Shri Sudheer Gupta ","Lok Sabha","Madhya Pradesh","MANDSOUR","148988014.83","21420844","14.377561862571199","60","163","26.905829596412556","103","127567170.83000001","8994846","8994846","12425998","58.0089094528675","","","",""
"","6a90d9df60cc5ec1e4c305ef","MANJU SHARMA","Lok Sabha","Rajasthan","JAIPUR","167082901.11","23994861","14.36105121505093","15","54","21.73913043478261","39","143088040.11","14282689","14282689","9712172","40.47605026759688","","","",""
"","6a90d9e260cc5ec1e4c30968","Shri Haris Beeran (2024-30)","Rajya Sabha","Kerala","Sitting Rajya Sabha","122500000","17480985","14.270191836734694","9","207","4.166666666666666","198","105019015","9042179","9042179","8438806","48.27420193999365","","","",""
"","6a90d9df60cc5ec1e4c304e3","AGA SYED RUHULLAH MEHDI","Lok Sabha","Jammu And Kashmir","SRINAGAR","147000000","20822671","14.16508231292517","62","136","31.313131313131315","74","126177329","19392971","19392971","1429700","6.866074001745501","","","",""
"","6a90d9df60cc5ec1e4c3051f","Bansuri Swaraj","Lok Sabha","Delhi","NEW DELHI","154306950","21775293","14.111673518269916","41","69","37.27272727272727","28","132531657","19856755","19856755","1918538","8.810618529909103","","","",""
"","6a90d9df60cc5ec1e4c304f0","Amol Ramsing Kolhe","Lok Sabha","Maharashtra","SHIRUR","147000000","20561770","13.987598639455781","15","96","13.513513513513514","81","126438230","14981153","14981153","5580617","27.140742261001847","","","",""
"","6a90d9df60cc5ec1e4c305c6","KARTICK CHANDRA PAUL","Lok Sabha","West Bengal","RAIGANJ","202677986.56","28148611","13.888341540074947","99","302","24.688279301745634","203","174529375.56","25731440","25731440","2417171","8.587176823751623","","","",""
"","6a90d9df60cc5ec1e4c30683","SHIVMANGAL SINGH TOMAR","Lok Sabha","Madhya Pradesh","MORENA","147000000","20290158","13.802828571428572","28","38","42.42424242424242","10","126709842","7818529","7818529","12471629","61.46639666384066","","","",""
"","6a90d9df60cc5ec1e4c30624","Pralhad Venkatesh Joshi","Lok Sabha","Karnataka","DHARWAD","147000000","20265814","13.786268027210886","28","174","13.861386138613863","146","126734186","12859023","12859023","7406791","36.548203787915945","","","",""
"","6a90d9df60cc5ec1e4c306ed","VISHAL","Lok Sabha","Maharashtra","SANGLI","147000000","19819890","13.482918367346938","11","73","13.095238095238097","62","127180110","10964597","10964597","8855293","44.6788201145415","","","",""
"","6a90d9df60cc5ec1e4c30602","MURARI LAL MEENA","Lok Sabha","Rajasthan","DAUSA","147000000","19705174","13.404880272108844","16","96","14.285714285714285","80","127294826","10249548","10249548","9455626","47.9854986309687","","","",""
"","6a90d9e260cc5ec1e4c3098c","Shri Mayankkumar Nayak (2024-30)","Rajya Sabha","Gujarat","Sitting Rajya Sabha","147000000","19560868","13.306712925170066","20","151","11.695906432748536","131","127439132","9196089","9196089","10364779","52.98731630927625","","","",""
"","6a90d9df60cc5ec1e4c3052a","BHAUSAHEB RAJARAM WAKCHAURE","Lok Sabha","Maharashtra","SHIRDI","147000000","19420448","13.211189115646258","11","126","8.02919708029197","115","127579552","8130314","8130314","11290134","58.13529121470318","","","",""
"","6a90d9df60cc5ec1e4c30670","Sanjay Uttamrao Deshmukh","Lok Sabha","Maharashtra","YAVATMAL-WASHIM","185640423","24518118","13.207316382811731","23","101","18.548387096774192","78","161122305","14389957","14389957","10128161","41.30888431159357","","","",""
"","6a90d9e260cc5ec1e4c309bb","Shri S Niranjan Reddy (2022-28)","Rajya Sabha","Andhra Pradesh","Sitting Rajya Sabha","224621383.11","29499116","13.132817362073625","3","16","15.789473684210526","13","195122267.11","5657203","5657203","23841913","80.82246600203206","","","",""
"","6a90d9df60cc5ec1e4c30604","MURLIDHAR MOHOL","Lok Sabha","Maharashtra","PUNE","147000000","18945481","12.88808231292517","12","87","12.121212121212121","75","128054519","11996657","11996657","6948824","36.678002527357314","","","",""
"","6a90d9e260cc5ec1e4c30962","Shri Golla Baburao (2024-30)","Rajya Sabha","Andhra Pradesh","Sitting Rajya Sabha","147000000","18853785","12.825704081632653","2","42","4.545454545454546","40","128146215","1998433","1998433","16855352","89.40036178411921","","","",""
"","6a90d9df60cc5ec1e4c305f4","Manoj Tiwari","Lok Sabha","Delhi","NORTH EAST DELHI","225843858","28650238","12.685861042986609","6","17","26.08695652173913","11","197193620","5756284","5756284","22893954","79.90842519353592","","","",""
"","6a90d9df60cc5ec1e4c30502","Anurag Singh Thakur","Lok Sabha","Himachal Pradesh","HAMIRPUR","149570117.11","18576823","12.42014338087189","45","162","21.73913043478261","117","130993294.11000001","6497496","6497496","12079327","65.02364263254272","","","",""
"","6a90d9e260cc5ec1e4c30946","Shri Ashok Singh (2024-30)","Rajya Sabha","Madhya Pradesh","Sitting Rajya Sabha","147000000","18068265","12.291336734693878","11","99","10","88","128931735","5151752","5151752","12916513","71.48729000819945","","","",""
"","6a90d9df60cc5ec1e4c3062e","PRIYANKA SATISH JARKIHOLI","Lok Sabha","Karnataka","CHIKKODI","147000000","17958285","12.216520408163266","16","143","10.062893081761008","127","129041715","11270925","11270925","6687360","37.23829975969309","","","",""
"","6a90d9df60cc5ec1e4c30518","BAIJAYANT PANDA","Lok Sabha","Odisha","KENDRAPARA","147000000","17127535","11.651384353741497","8","48","14.285714285714285","40","129872465","6418056","6418056","10709479","62.52784770254447","","","",""
"","6a90d9df60cc5ec1e4c305f1","MANOHAR LAL","Lok Sabha","Haryana","KARNAL","147000000","16619897","11.30605238095238","1","19","5","18","130380103","495787","495787","16124110","97.01690690381535","","","",""
"","6a90d9e260cc5ec1e4c3099d","Shri P. Wilson (2025-31)","Rajya Sabha","Tamil Nadu","Sitting Rajya Sabha","89248285.42","9998159","11.20263426120618","1","34","2.857142857142857","33","79250126.42","4998159","4998159","5000000","50.009206694952546","","","",""
"","6a90d9df60cc5ec1e4c306e2","VAMSI KRISHNA GADDAM","Lok Sabha","Telangana","PEDDAPALLE","148451721.11","16373473","11.029493546839754","9","62","12.676056338028168","53","132078248.11000001","7049840","7049840","9323633","56.943526886446136","","","",""
"","6a90d9df60cc5ec1e4c306ab","SHRIMANT CHH UDAYANRAJE PRATAPSINHAMAHARAJ BHONSLE","Lok Sabha","Maharashtra","SATARA","147000000","16135149","10.976291836734694","16","118","11.940298507462686","102","130864851","11976649","11976649","4158500","25.772925927117253","","","",""
"","6a90d9df60cc5ec1e4c306e3","VARUN CHAUDHRY","Lok Sabha","Haryana","AMBALA","255454264","28023758","10.97016646392718","3","154","1.910828025477707","151","227430506","706632","706632","27317126","97.47845381765","","","",""
"","6a90d9df60cc5ec1e4c30530","BIBHU PRASAD TARAI","Lok Sabha","Odisha","JAGATSINGHPUR","147000000","16033683","10.907267346938776","15","324","4.424778761061947","309","130966317","4139608","4139608","11894075","74.18180214739183","","","",""
"","6a90d9df60cc5ec1e4c306cd","SURESH GOPI","Lok Sabha","Kerala","THRISSUR","147000000","16001891","10.885640136054421","15","75","16.666666666666664","60","130998109","13209096","13209096","2792795","17.45290603466803","","","",""
"","6a90d9df60cc5ec1e4c3067d","SHAFI PARAMBIL","Lok Sabha","Kerala","VADAKARA","147000000","15909800","10.822993197278912","15","228","6.172839506172839","213","131090200","1512000","1512000","14397800","90.49642358797723","","","",""
"","6a90d9df60cc5ec1e4c3064e","Ram Shiromani","Lok Sabha","Uttar Pradesh","SHRAWASTI","151746878.11","16300060","10.741611427540686","0","1356","0","1356","135446818.11","0","0","16300060","100","","","",""
"","6a90d9df60cc5ec1e4c3057e","EATALA RAJENDER","Lok Sabha","Telangana","MALKAJGIRI","327477390.86","34708670","10.598798869396854","29","268","9.764309764309765","239","292768720.86","16792312","16792312","17916358","51.619258242969266","","","",""
"","6a90d9df60cc5ec1e4c30534","BISHNU PADA RAY","Lok Sabha","Andaman And Nicobar Islands","ANDAMAN AND NICOBAR ISLANDS","147000000","15498347","10.543093197278912","0","27","0","27","131501653","0","0","15498347","100","","","",""
"","6a90d9df60cc5ec1e4c306ac","Shripad Yesso Naik","Lok Sabha","Goa","NORTH GOA","147000000","15476370","10.528142857142857","1","110","0.9009009009009009","109","131523630","3108723","3108723","12367647","79.91309977727336","","","",""
"","6a90d9df60cc5ec1e4c30667","SAGAR ESHWAR KHANDRE","Lok Sabha","Karnataka","BIDAR","147000000","15422826","10.49171836734694","5","173","2.8089887640449436","168","131577174","1850747","1850747","13572079","87.99994890689943","","","",""
"","6a90d9df60cc5ec1e4c30516","BACHHAV SHOBHA DINESH","Lok Sabha","Maharashtra","DHULE","147000000","15115446","10.282616326530611","15","79","15.957446808510639","64","131884554","14191877","14191877","923569","6.11010088620607","","","",""
"","6a90d9df60cc5ec1e4c30556","DHANORKAR PRATIBHA SURESH ALIAS BALUBHAU","Lok Sabha","Maharashtra","CHANDRAPUR","147000000","14990871","10.197871428571428","7","69","9.210526315789473","62","132009129","7831889","7831889","7158982","47.75561073135777","","","",""
"","6a90d9df60cc5ec1e4c3051a","BALABHADRA MAJHI","Lok Sabha","Odisha","NABARANGPUR","147413962.11","14970212","10.155219889435749","20","200","9.090909090909092","180","132443750.11000001","8646556","8646556","6323656","42.24159283783022","","","",""
"","6a90d9df60cc5ec1e4c305d4","Krishna Prasad Tenneti","Lok Sabha","Andhra Pradesh","BAPATLA","167796849.11","16927605","10.088154270944043","6","118","4.838709677419355","112","150869244.11","2878395","2878395","14049210","82.99585204167985","","","",""
"","6a90d9df60cc5ec1e4c3057c","E. TUKARAM","Lok Sabha","Karnataka","BELLARY","147000000","14535937","9.888392517006803","2","89","2.197802197802198","87","132464063","988344","988344","13547593","93.20068599636886","","","",""
"","6a90d9df60cc5ec1e4c3054b","Daggubati Purandeshwari","Lok Sabha","Andhra Pradesh","RAJAHMUNDRY","147000000","14394558","9.792216326530612","3","26","10.344827586206897","23","132605442","4989014","4989014","9405544","65.34097121981793","","","",""
"","6a90d9df60cc5ec1e4c3051b","Balashowry Vallabbhaneni","Lok Sabha","Andhra Pradesh","MACHILIPATNAM","147000000","14363941","9.77138843537415","9","52","14.754098360655737","43","132636059","3302774","3302774","11061167","77.00649146358927","","","",""
"","6a90d9df60cc5ec1e4c30658","Rao Rajendra Singh","Lok Sabha","Rajasthan","JAIPUR RURAL","147000000","14160844","9.633227210884353","10","94","9.615384615384617","84","132839156","7169783","7169783","6991061","49.36895710453417","","","",""
"","6a90d9df60cc5ec1e4c3062f","Prof Sougata Ray","Lok Sabha","West Bengal","DUM DUM","147000000","14046615","9.555520408163265","12","40","23.076923076923077","28","132953385","7819386","7819386","6227229","44.3325954331346","","","",""
"","6a90d9df60cc5ec1e4c306b1","SMITA UDAY WAGH","Lok Sabha","Maharashtra","JALGAON","148107373.11","14030677","9.473314329583951","9","1","90","-8","134076696.11000001","14030677","14030677","0","0","","","",""
"","6a90d9df60cc5ec1e4c30571","DR. PRASHANT YADAORAO PADOLE","Lok Sabha","Maharashtra","BHANDARA-GONDIYA","159680283.39","14961080","9.369397199439678","8","144","5.263157894736842","136","144719203.39","5272033","5272033","9689047","64.76168164330383","","","",""
"","6a90d9df60cc5ec1e4c304fc","ANITA SUBHADARSHINI","Lok Sabha","Odisha","ASKA","147000000","13418448","9.128195918367348","17","123","12.142857142857142","106","133581552","7200000","7200000","6218448","46.34252783928514","","","",""
"","6a90d9df60cc5ec1e4c306a1","Shri PP Chaudhary","Lok Sabha","Rajasthan","PALI","147000000","13376714","9.099805442176871","8","34","19.047619047619047","26","133623286","5035442","5035442","8341272","62.35665949051463","","","",""
"","6a90d9e260cc5ec1e4c309ca","Shri Sanjay Singh (2024-30)","Rajya Sabha","Delhi","Sitting Rajya Sabha","184466426.11","16687160","9.046177319036474","16","85","15.841584158415841","69","167779266.11","11222682","11222682","5464478","32.74660277722513","","","",""
"","6a90d9e260cc5ec1e4c30937","Dr. V. Sivadasan (2021-27)","Rajya Sabha","Kerala","Sitting Rajya Sabha","276720323.27","24863346","8.985009017838014","14","49","22.22222222222222","35","251856977.26999998","8594508","8594508","16268838","65.43301935306695","","","",""
"","6a90d9df60cc5ec1e4c30653","Ramesh Chandappa Jigajinagi","Lok Sabha","Karnataka","BIJAPUR","269500000","24205222","8.981529499072357","0","362","0","362","245294778","0","0","24205222","100","","","",""
"","6a90d9df60cc5ec1e4c305be","Kamaljeet Sehrawat","Lok Sabha","Delhi","WEST DELHI","147000000","13075365","8.89480612244898","31","32","49.2063492063492","1","133924635","12116129","12116129","959236","7.336208205277635","","","",""
"","6a90d9df60cc5ec1e4c30525","BHARAT SINGH KUSHWAH","Lok Sabha","Madhya Pradesh","GWALIOR","151455276.04","13426652","8.865093611168726","4","112","3.4482758620689653","108","138028624.04","2987672","2987672","10438980","77.7481981360655","","","",""
"","6a90d9df60cc5ec1e4c3056d","DR. M.P ABDUSSAMAD SAMADANI","Lok Sabha","Kerala","PONNANI","170434031.11","15076499","8.845944029962807","48","276","14.814814814814813","228","155357532.11","11730005","11730005","3346494","22.196758013912913","","","",""
"","6a90d9df60cc5ec1e4c305bd","KAMAKHYA PRASAD TASA","Lok Sabha","Assam","Kaziranga","147000000","12986949","8.83465918367347","0","88","0","88","134013051","0","0","12986949","100","","","",""
"","6a90d9df60cc5ec1e4c3065b","Ravindra Shyamnarayan Alias Ravi Kishan Shukla","Lok Sabha","Uttar Pradesh","GORAKHPUR","147000000","12572509","8.552727210884353","0","9","0","9","134427491","0","0","12572509","100","","","",""
"","6a90d9df60cc5ec1e4c306d2","TANGELLA UDAY SRINIVAS","Lok Sabha","Andhra Pradesh","KAKINADA","199417886.76","16907864","8.47860955439201","6","16","27.27272727272727","10","182510022.76","13752233","13752233","3155631","18.66368809212092","","","",""
"","6a90d9df60cc5ec1e4c30562","Dr Jayanta Kumar Roy","Lok Sabha","West Bengal","JALPAIGURI","147000000","12082736","8.219548299319728","2","16","11.11111111111111","14","134917264","5863559","5863559","6219177","51.47159550618336","","","",""
"","6a90d9df60cc5ec1e4c3069a","Shri Jyotirmay Singh Mahato ","Lok Sabha","West Bengal","PURULIA","147000000","11711831","7.967231972789116","15","92","14.018691588785046","77","135288169","5667015","5667015","6044816","51.61290322580645","","","",""
"","6a90d9df60cc5ec1e4c3068b","Shri Amit Shah","Lok Sabha","Gujarat","GANDHINAGAR","147000000","11529274","7.8430435374149665","22","96","18.64406779661017","74","135470726","4147274","4147274","7382000","64.02831609345047","","","",""
"","6a90d9df60cc5ec1e4c305f3","MANOJ TIGGA","Lok Sabha","West Bengal","ALIPURDUARS","147000000","11379773","7.741342176870749","0","90","0","90","135620227","0","0","11379773","100","","","",""
"","6a90d9df60cc5ec1e4c305d6","KULDEEP INDORA","Lok Sabha","Rajasthan","GANGANAGAR","147000000","11236750","7.644047619047618","2","90","2.1739130434782608","88","135763250","1598794","1598794","9637956","85.77174004939151","","","",""
"","6a90d9df60cc5ec1e4c306ef","Vishnu Dutt Sharma","Lok Sabha","Madhya Pradesh","KHAJURAHO","147000000","11209947","7.625814285714286","3","132","2.2222222222222223","129","135790053","4909947","4909947","6300000","56.20008729746894","","","",""
"","6a90d9df60cc5ec1e4c3050b","Asaduddin Owaisi","Lok Sabha","Telangana","HYDERABAD","147000000","11172317","7.600215646258503","1","17","5.555555555555555","16","135827683","5656600","5656600","5515717","49.36949963020204","","","",""
"","6a90d9df60cc5ec1e4c306f4","Yogendra Chandoliya","Lok Sabha","Delhi","NORTH WEST DELHI","147876307","10961614","7.412691202790181","11","48","18.64406779661017","37","136914693","10222872","10222872","738742","6.739354259327139","","","",""
"","6a90d9e260cc5ec1e4c30988","Shri Manas Ranjan Mangaraj (2022-28)","Rajya Sabha","Odisha","Sitting Rajya Sabha","196063957.11","13305000","6.7860509377230125","23","104","18.11023622047244","81","182758957.11","9405000","9405000","3900000","29.312288613303267","","","",""
"","6a90d9df60cc5ec1e4c305e1","Magunta Sreenivasulu Reddy","Lok Sabha","Andhra Pradesh","ONGOLE","147000000","9854157","6.703508163265306","1","18","5.263157894736842","17","137145843","2500000","2500000","7354157","74.62999625437264","","","",""
"","6a90d9df60cc5ec1e4c3059e","JAGADISH SHETTAR","Lok Sabha","Karnataka","BELGAUM","147000000","9847651","6.69908231292517","1","171","0.5813953488372093","170","137152349","499705","499705","9347946","94.92564267356754","","","",""
"","6a90d9df60cc5ec1e4c306c1","Sribharat MathuKumli","Lok Sabha","Andhra Pradesh","VISAKHAPATNAM","164841922","10903207","6.614341101895184","0","40","0","40","153938715","0","0","10903207","100","","","",""
"","6a90d9df60cc5ec1e4c30557","DHARMENDRA PRADHAN","Lok Sabha","Odisha","SAMBALPUR","147000000","9704141","6.601456462585034","2","116","1.694915254237288","114","137295859","5753000","5753000","3951141","40.71603040392756","","","",""
"","6a90d9df60cc5ec1e4c30614","P C Mohan","Lok Sabha","Karnataka","BANGALORE CENTRAL","159995711.11","10439505","6.5248655276907055","2","17","10.526315789473683","15","149556206.11","5339505","5339505","5100000","48.8528910135107","","","",""
"","6a90d9df60cc5ec1e4c3069e","Shri M K Raghavan","Lok Sabha","Kerala","KOZHIKODE","147000000","9365325","6.3709693877551015","14","254","5.223880597014925","240","137634675","5064335","5064335","4300990","45.924620875410085","","","",""
"","6a90d9df60cc5ec1e4c306db","TRIVENDRA SINGH RAWAT","Lok Sabha","Uttarakhand","HARDWAR","147000000","9309458","6.33296462585034","3","41","6.8181818181818175","38","137690542","1297156","1297156","8012302","86.06625648883104","","","",""
"","6a90d9df60cc5ec1e4c30634","RABINDRA NARAYAN BEHERA","Lok Sabha","Odisha","JAJPUR","147064617.11","9146086","6.219093470429394","3","190","1.5544041450777202","187","137918531.11","600000","600000","8546086","93.43981676970893","","","",""
"","6a90d9e260cc5ec1e4c309cf","Shri Satnam Singh Sandhu (2024-30)","Rajya Sabha","Chandigarh","Nominated Rajya Sabha","147000000","9104144","6.193295238095238","4","20","16.666666666666664","16","137895856","3379051","3379051","5725093","62.88447326843688","","","",""
"","6a90d9e260cc5ec1e4c30947","Shri Ashokrao Shankarrao Chavan (2024-30)","Rajya Sabha","Maharashtra","Sitting Rajya Sabha","147000000","8968982","6.101348299319728","2","31","6.0606060606060606","29","138031018","1497419","1497419","7471563","83.30447089758904","","","",""
"","6a90d9df60cc5ec1e4c3059c","ISHA KHAN CHOUDHURY","Lok Sabha","West Bengal","MALDAHA DAKSHIN","147000000","8567025","5.827908163265306","25","99","20.161290322580644","74","138432975","8567025","8567025","0","0","","","",""
"","6a90d9df60cc5ec1e4c30625","PRANITI SUSHILKUMAR SHINDE","Lok Sabha","Maharashtra","SOLAPUR","147000000","8440395","5.741765306122449","2","122","1.6129032258064515","120","138559605","1498751","1498751","6941644","82.24311776877741","","","",""
"","6a90d9df60cc5ec1e4c3056a","DR. HEMANT VISHNU SAVARA","Lok Sabha","Maharashtra","PALGHAR","147000000","8415952","5.725137414965986","1","84","1.1764705882352942","83","138584048","991449","991449","7424503","88.21940762019555","","","",""
"","6a90d9e260cc5ec1e4c30948","Shri Ashwini Vaishnaw (2024-30)","Rajya Sabha","Odisha","Sitting Rajya Sabha","265563957.11","14565426","5.4847149283766745","4","13","23.52941176470588","9","250998531.11","3844173","3844173","10721253","73.60754845069413","","","",""
"","6a90d9df60cc5ec1e4c3061b","PATHAN YUSUF","Lok Sabha","West Bengal","BAHARAMPUR","147000000","7860897","5.347548979591837","1","144","0.6896551724137931","143","139139103","2000000","2000000","5860897","74.55761091895747","","","",""
"","6a90d9df60cc5ec1e4c304fa","ANIL YESHWANT DESAI","Lok Sabha","Maharashtra","MUMBAI SOUTH CENTRAL","147000000","7792570","5.301068027210885","0","34","0","34","139207430","0","0","7792570","100","","","",""
"","6a90d9df60cc5ec1e4c30555","Dhairyasheel Sambhajirao Mane","Lok Sabha","Maharashtra","HATKANANGLE","147000000","7519206","5.115106122448979","4","13","23.52941176470588","9","139480794","6519206","6519206","1000000","13.299276545954452","","","",""
"","6a90d9df60cc5ec1e4c30524","BHAJAN LAL JATAV","Lok Sabha","Rajasthan","KARAULI-DHOLPUR","147000000","7253086","4.934072108843537","11","41","21.153846153846153","30","139746914","6694517","6694517","558569","7.701121977596846","","","",""
"","6a90d9e260cc5ec1e4c3095c","Shri Devendra Pratap Singh (2024-30)","Rajya Sabha","Chhattisgarh","Sitting Rajya Sabha","170837637.76","8275468","4.844054336331746","3","14","17.647058823529413","11","162562169.76","2243280","2243280","6032188","72.89240922688603","","","",""
"","6a90d9e260cc5ec1e4c30980","Shri Lahar Singh Siroya (2022-28)","Rajya Sabha","Karnataka","Sitting Rajya Sabha","206278088.11","9964305","4.830520338489093","2","14","12.5","12","196313783.11","1997659","1997659","7966646","79.95184812187102","","","",""
"","6a90d9df60cc5ec1e4c305d7","KUNDURU RAGHUVEER","Lok Sabha","Telangana","NALGONDA","162952022","7766945","4.766399891619633","6","23","20.689655172413794","17","155185077","6267418","6267418","1499527","19.306522706160532","","","",""
"","6a90d9df60cc5ec1e4c305fc","MOHITE PATIL DHAIRYASHEEL RAJSINH","Lok Sabha","Maharashtra","MADHA","195613601.7","8828612","4.513291470160585","41","218","15.83011583011583","177","186784989.7","8828612","8828612","0","0","","","",""
"","6a90d9df60cc5ec1e4c306af","Sivanath Kesineni","Lok Sabha","Andhra Pradesh","VIJAYAWADA","147000000","6329561","4.305823809523809","1","28","3.4482758620689653","27","140670439","3290032","3290032","3039529","48.02116608087038","","","",""
"","6a90d9df60cc5ec1e4c3057b","Dushyant Singh","Lok Sabha","Rajasthan","JHALAWAR-BARAN","147000000","6025816","4.099194557823129","0","27","0","27","140974184","0","0","6025816","100","","","",""
"","6a90d9df60cc5ec1e4c305c8","Khagen Murmu","Lok Sabha","West Bengal","MALDAHA UTTAR","147000000","6003169","4.08378843537415","7","31","18.421052631578945","24","140996831","6003169","6003169","0","0","","","",""
"","6a90d9df60cc5ec1e4c306a5","Shri Shantanu Thakur ","Lok Sabha","West Bengal","BANGAON","147000000","5993836","4.077439455782312","8","50","13.793103448275861","42","141006164","5993836","5993836","0","0","","","",""
"","6a90d9df60cc5ec1e4c3066b","SANJAY DINA PATIL","Lok Sabha","Maharashtra","MUMBAI NORTH EAST","147000000","5955517","4.0513721088435375","0","40","0","40","141044483","0","0","5955517","100","","","",""
"","6a90d9df60cc5ec1e4c306b9","Smt Raksha Nikhil Khadse","Lok Sabha","Maharashtra","RAVER","153112586.11","5871973","3.8350687877359895","3","6","33.33333333333333","3","147240613.11","5871973","5871973","0","0","","","",""
"","6a90d9e260cc5ec1e4c309d3","Shri Subhasish Khuntia (2024-30)","Rajya Sabha","Odisha","Sitting Rajya Sabha","147000000","5516064","3.7524244897959185","3","219","1.3513513513513513","216","141483936","1600000","1600000","3916064","70.99381007907087","","","",""
"","6a90d9df60cc5ec1e4c305fa","Mohamed Haneefa","Lok Sabha","Ladakh","LADAKH","161114542","6009392","3.729888019667399","0","55","0","55","155105150","0","0","6009392","100","","","",""
"","6a90d9df60cc5ec1e4c30616","PARIMAL SUKLABAIDYA","Lok Sabha","Assam","SILCHAR","148300157.11","5511762","3.716625867032434","0","153","0","153","142788395.11","0","0","5511762","100","","","",""
"","6a90d9df60cc5ec1e4c306ae","Shyamkumar","Lok Sabha","Maharashtra","RAMTEK","147000000","5141086","3.4973374149659864","1","34","2.857142857142857","33","141858914","981253","981253","4159833","80.91350737956921","","","",""
"","6a90d9df60cc5ec1e4c3053e","Chandra Prakash Joshi","Lok Sabha","Rajasthan","CHITTORGARH","147000000","4862785","3.3080170068027206","10","186","5.1020408163265305","176","142137215","3277114","3277114","1585671","32.60828928278754","","","",""
"","6a90d9df60cc5ec1e4c305cd","Kishan Reddy Gangapuram","Lok Sabha","Telangana","SECUNDERABAD","147000000","4754322","3.2342326530612246","0","38","0","38","142245678","0","0","4754322","100","","","",""
"","6a90d9e260cc5ec1e4c30974","Shri Jogen Mohan (2026-32)","Rajya Sabha","Assam","Sitting Rajya Sabha","49000000","1500000","3.061224489795918","0","22","0","22","47500000","0","0","1500000","100","","","",""
"","6a90d9df60cc5ec1e4c3067b","SELVAGANAPATHI T M","Lok Sabha","Tamil Nadu","SALEM","147000000","4244214","2.8872204081632655","0","17","0","17","142755786","0","0","4244214","100","","","",""
"","6a90d9df60cc5ec1e4c306bd","Smt Sangeeta Kumari Singh Deo","Lok Sabha","Odisha","BOLANGIR","147000000","4193424","2.852669387755102","3","225","1.3157894736842104","222","142806576","1000000","1000000","3193424","76.15313881925604","","","",""
"","6a90d9df60cc5ec1e4c304e6","Ajay Tamta","Lok Sabha","Uttarakhand","ALMORA","147000000","4091663","2.783444217687075","3","139","2.112676056338028","136","142908337","1654574","1654574","2437089","59.56230999473809","","","",""
"","6a90d9e260cc5ec1e4c309c7","Shri Sanjay Kumar Jha (2024-30)","Rajya Sabha","Bihar","Sitting Rajya Sabha","186200000","5078584","2.7274887218045114","4","2","66.66666666666666","-2","181121416","4273055","4273055","805529","15.861291257563131","","","",""
"","6a90d9e260cc5ec1e4c309e7","Smt. Laxmi Verma (2026-32)","Rajya Sabha","Chhattisgarh","Sitting Rajya Sabha","49000000","1250000","2.5510204081632653","0","2","0","2","47750000","0","0","1250000","100","","","",""
"","6a90d9e260cc5ec1e4c30999","Shri Nitin Laxmanrao Jadhav Patil (2024-28)","Rajya Sabha","Maharashtra","Sitting Rajya Sabha","122500000","2996110","2.445804081632653","3","58","4.918032786885246","55","119503890","2996110","2996110","0","0","","","",""
"","6a90d9e260cc5ec1e4c30949","Shri B. Parthasaradhi Reddy (2022-28)","Rajya Sabha","Telangana","Sitting Rajya Sabha","244365104","5945528","2.4330511610201104","6","19","24","13","238419576","2649720","2649720","3295808","55.43339464552181","","","",""
"","6a90d9df60cc5ec1e4c30637","RADHAKRISHNA","Lok Sabha","Karnataka","GULBARGA","147000000","3254664","2.214057142857143","0","29","0","29","143745336","0","0","3254664","100","","","",""
"","6a90d9df60cc5ec1e4c306f1","VIVEK THAKUR","Lok Sabha","Bihar","NAWADA","147000000","3164487","2.1527122448979594","1","85","1.1627906976744187","84","143835513","607045","607045","2557442","80.81695390121685","","","",""
"","6a90d9e260cc5ec1e4c309f2","Smt. Renuka Chowdhury (2024-30)","Rajya Sabha","Telangana","Sitting Rajya Sabha","147000000","3061296","2.0825142857142858","0","105","0","105","143938704","0","0","3061296","100","","","",""
"","6a90d9df60cc5ec1e4c30662","RUDRA NARAYAN PANY","Lok Sabha","Odisha","DHENKANAL","155013957.11","3039057","1.9605054000675848","0","79","0","79","151974900.11","0","0","3039057","100","","","",""
"","6a90d9df60cc5ec1e4c304f9","ANIL BALUNI","Lok Sabha","Uttarakhand","GARHWAL","147000000","2739441","1.8635653061224489","1","11","8.333333333333332","10","144260559","300000","300000","2439441","89.04886069822274","","","",""
"","6a90d9df60cc5ec1e4c30627","Pratap Chandra Sarangi","Lok Sabha","Odisha","BALASORE","147064254.11","2525000","1.7169365970546246","10","117","7.874015748031496","107","144539254.11","2525000","2525000","0","0","","","",""
"","6a90d9e260cc5ec1e4c3099f","Shri Paka Venkata Satyanarayana (2025-28)","Rajya Sabha","Andhra Pradesh","Sitting Rajya Sabha","98000000","1599035","1.6316683673469385","1","12","7.6923076923076925","11","96400965","1599035","1599035","0","0","","","",""
"","6a90d9e260cc5ec1e4c3096e","Shri Jagat Prakash Nadda (2024-30)","Rajya Sabha","Gujarat","Sitting Rajya Sabha","147000000","2100000","1.4285714285714286","0","74","0","74","144900000","0","0","2100000","100","","","",""
"","6a90d9df60cc5ec1e4c305d9","Lavu Sri Krishna Devarayalu","Lok Sabha","Andhra Pradesh","NARASARAOPET","174009663.11","2402685","1.3807767666794144","1","130","0.7633587786259541","129","171606978.11","1599870","1599870","802815","33.41324393334957","","","",""
"","6a90d9df60cc5ec1e4c3060f","Nishikant Dubey","Lok Sabha","Jharkhand","GODDA","147000000","1785510","1.2146326530612244","0","2","0","2","145214490","0","0","1785510","100","","","",""
"","6a90d9df60cc5ec1e4c30628","Prataprao Jadhav","Lok Sabha","Maharashtra","BULDHANA","147000000","1208028","0.8217877551020408","0","68","0","68","145791972","0","0","1208028","100","","","",""
"","6a90d9e260cc5ec1e4c3098e","Shri Milind Murli Deora (2024-30)","Rajya Sabha","Maharashtra","Sitting Rajya Sabha","147000000","999996","0.680269387755102","0","25","0","25","146000004","0","0","999996","100","","","",""
"","6a90d9e260cc5ec1e4c3097b","Shri Kartikeya Sharma (2022-28)","Rajya Sabha","Haryana","Sitting Rajya Sabha","196000000","1161226","0.5924622448979592","0","62","0","62","194838774","0","0","1161226","100","","","",""
"","6a90d9df60cc5ec1e4c30584","Gajendra Singh Shekhawat","Lok Sabha","Rajasthan","JODHPUR","147000000","491827","0.33457619047619047","0","33","0","33","146508173","0","0","491827","100","","","",""
"","6a90d9df60cc5ec1e4c306aa","Shrikant Eknath Shinde","Lok Sabha","Maharashtra","KALYAN","147000000","325000","0.22108843537414968","0","2","0","2","146675000","0","0","325000","100","","","",""
"","6a90d9df60cc5ec1e4c30542","CHAVAN VASANTRAO BALWANTRAO","Lok Sabha","Maharashtra","NANDED","0","0","0","0","0","0","0","0","0","0","0","0","","","",""
"","6a90d9df60cc5ec1e4c3052e","Bhupathiraju Srinivasa varma","Lok Sabha","Andhra Pradesh","NARASAPURAM","147000000","0","0","0","1","0","1","147000000","0","0","0","0","","","",""
"","6a90d9df60cc5ec1e4c30570","DR. PRADEEP KUMAR PANIGRAHY","Lok Sabha","Odisha","BERHAMPUR","147000000","0","0","0","111","0","111","147000000","0","0","0","0","","","",""
"","6a90d9df60cc5ec1e4c30596","HARISH CHANDRA MEENA","Lok Sabha","Rajasthan","TONK-SAWAI MADHOPUR","147000000","0","0","0","0","0","0","147000000","0","0","0","0","","","",""
"","6a90d9df60cc5ec1e4c3061a","PATEL UMESHBHAI BABUBHAI","Lok Sabha","The Dadra And Nagar Haveli And Daman And Diu","DAMAN and DIU","245063957","0","0","0","61","0","61","245063957","0","0","0","0","","","",""
"","6a90d9df60cc5ec1e4c3060a","NARESH GANPAT MHASKE","Lok Sabha","Maharashtra","THANE","147000000","0","0","0","0","0","0","147000000","0","0","0","0","","","",""
"","6a90d9df60cc5ec1e4c305b6","Kalaben Mohanbhai Delkar","Lok Sabha","The Dadra And Nagar Haveli And Daman And Diu","DADRA & NAGAR HAVELI","147000000","0","0","0","2","0","2","147000000","0","0","0","0","","","",""
"","6a90d9df60cc5ec1e4c305ed","MANISH JAISWAL","Lok Sabha","Jharkhand","HAZARIBAGH","147000000","0","0","0","164","0","164","147000000","0","0","0","0","","","",""
"","6a90d9df60cc5ec1e4c305f8","MISHA BHARTI","Lok Sabha","Bihar","PATALIPUTRA","147000000","0","0","0","0","0","0","147000000","0","0","0","0","","","",""
"","6a90d9df60cc5ec1e4c3066d","Sanjay Jaiswal","Lok Sabha","Bihar","PASCHIM CHAMPARAN","147000000","0","0","0","0","0","0","147000000","0","0","0","0","","","",""
"","6a90d9df60cc5ec1e4c30645","Rajiv Pratap Rudy","Lok Sabha","Bihar","SARAN","147000000","0","0","0","12","0","12","147000000","0","0","0","0","","","",""
"","6a90d9df60cc5ec1e4c30646","Rajiv Ranjan (Lalan) Singh","Lok Sabha","Bihar","MUNGER","147000000","0","0","0","1","0","1","147000000","0","0","0","0","","","",""
"","6a90d9e260cc5ec1e4c30918","Dr. Anbumani Ramadoss (2026-32)","Rajya Sabha","Tamil Nadu","Sitting Rajya Sabha","49000000","0","0","0","0","0","0","49000000","0","0","0","0","","","",""
"","6a90d9e260cc5ec1e4c30928","Dr. M. Thambi Durai (2026-32)","Rajya Sabha","Tamil Nadu","Sitting Rajya Sabha","49356476.5","0","0","0","0","0","0","49356476.5","0","0","0","0","","","",""
"","6a90d9e260cc5ec1e4c30930","Dr. Santrupt Misra (2026-32)","Rajya Sabha","Odisha","Sitting Rajya Sabha","49000000","0","0","0","11","0","11","49000000","0","0","0","0","","","",""
"","6a90d9e260cc5ec1e4c3093a","Ms. Swati Maliwal (2024-30)","Rajya Sabha","Delhi","Sitting Rajya Sabha","147000000","0","0","0","3","0","3","147000000","0","0","0","0","","","",""
"","6a90d9e260cc5ec1e4c30917","Dr. Alka Singh (2026-32)","Rajya Sabha","Rajasthan","Sitting Rajya Sabha","49000000","0","0","0","0","0","0","49000000","0","0","0","0","","","",""
"","6a90d9e260cc5ec1e4c3092a","Dr. Meenakshi Jain (2025-31)","Rajya Sabha","Delhi","Nominated Rajya Sabha","73500000","0","0","0","10","0","10","73500000","0","0","0","0","","","",""
"","6a90d9e260cc5ec1e4c3092b","Dr. Mukeshbhai J. Rathwa (2026-32)","Rajya Sabha","Gujarat","Sitting Rajya Sabha","49000000","0","0","0","0","0","0","49000000","0","0","0","0","","","",""
"","6a90d9e260cc5ec1e4c30933","Dr. Satish Poonia (2026-32)","Rajya Sabha","Rajasthan","Sitting Rajya Sabha","49000000","0","0","0","0","0","0","49000000","0","0","0","0","","","",""
"","6a90d9e260cc5ec1e4c30944","Shri Anurag Sharma (2026-32)","Rajya Sabha","Himachal Pradesh","Sitting Rajya Sabha","49000000","0","0","0","0","0","0","49000000","0","0","0","0","","","",""
"","6a90d9e260cc5ec1e4c30915","Dr. Abhishek Manu Singhvi (2026-32)","Rajya Sabha","Telangana","Sitting Rajya Sabha","49000000","0","0","0","0","0","0","49000000","0","0","0","0","","","",""
"","6a90d9e260cc5ec1e4c30921","Dr. Jyoti Nagnath Waghmare (2026-32)","Rajya Sabha","Maharashtra","Sitting Rajya Sabha","49000000","0","0","0","0","0","0","49000000","0","0","0","0","","","",""
"","6a90d9e260cc5ec1e4c30950","Shri Bhashyam Rama Krishna (2026-32)","Rajya Sabha","Andhra Pradesh","Sitting Rajya Sabha","49000000","0","0","0","1","0","1","49000000","0","0","0","0","","","",""
"","6a90d9e260cc5ec1e4c30958","Shri Constandine Ravindran (2026-32)","Rajya Sabha","Tamil Nadu","Sitting Rajya Sabha","49356476.5","0","0","0","0","0","0","49356476.5","0","0","0","0","","","",""
"","6a90d9e260cc5ec1e4c3095a","Shri Debashish Samantaray (2026-30)","Rajya Sabha","Odisha","Sitting Rajya Sabha","23800006","0","0","0","0","0","0","23800006","0","0","0","0","","","",""
"","6a90d9e260cc5ec1e4c3095e","Shri Dilip Kumar Ray (2026-32)","Rajya Sabha","Odisha","Sitting Rajya Sabha","49000000","0","0","0","22","0","22","49000000","0","0","0","0","","","",""
"","6a90d9e260cc5ec1e4c3096a","Shri Harsh Vardhan Shringla (2025-31)","Rajya Sabha","West Bengal","Nominated Rajya Sabha","73500000","0","0","0","6","0","6","73500000","0","0","0","0","","","",""
"","6a90d9e260cc5ec1e4c30977","Shri Kamal Haasan (2025-31)","Rajya Sabha","Tamil Nadu","Sitting Rajya Sabha","89248285.42","0","0","0","4","0","4","89248285.42","0","0","0","0","","","",""
"","6a90d9e260cc5ec1e4c3097f","Shri L. K. Sudhish (2026-32)","Rajya Sabha","Tamil Nadu","Sitting Rajya Sabha","49356476.5","0","0","0","0","0","0","49356476.5","0","0","0","0","","","",""
"","6a90d9e260cc5ec1e4c30985","Shri Mahesh Kewat (2026-32)","Rajya Sabha","Madhya Pradesh","Sitting Rajya Sabha","49000000","0","0","0","0","0","0","49000000","0","0","0","0","","","",""
"","6a90d9e260cc5ec1e4c30986","Shri Mallikarjun Kharge (2026-32)","Rajya Sabha","Karnataka","Sitting Rajya Sabha","49063957.11","0","0","0","0","0","0","49063957.11","0","0","0","0","","","",""
"","6a90d9e260cc5ec1e4c30989","Shri Manmohan Samal (2026-32)","Rajya Sabha","Odisha","Sitting Rajya Sabha","49000000","0","0","0","0","0","0","49000000","0","0","0","0","","","",""
"","6a90d9e260cc5ec1e4c30997","Shri Neeraj Dangi (2026-32)","Rajya Sabha","Rajasthan","Sitting Rajya Sabha","49000000","0","0","0","4","0","4","49000000","0","0","0","0","","","",""
"","6a90d9e260cc5ec1e4c309a7","Shri Praveen Chakravarthy (2026-28)","Rajya Sabha","Tamil Nadu","Sitting Rajya Sabha","49000000","0","0","0","1","0","1","49000000","0","0","0","0","","","",""
"","6a90d9e260cc5ec1e4c309d6","Shri Tai Tagak (2026-32)","Rajya Sabha","Arunachal Pradesh","Sitting Rajya Sabha","49000000","0","0","0","0","0","0","49000000","0","0","0","0","","","",""
"","6a90d9e260cc5ec1e4c309d9","Shri Terash Gowalla (2026-32)","Rajya Sabha","Assam","Sitting Rajya Sabha","49000000","0","0","0","0","0","0","49000000","0","0","0","0","","","",""
"","6a90d9e260cc5ec1e4c309da","Shri Tiruchi Siva (2026-32)","Rajya Sabha","Tamil Nadu","Sitting Rajya Sabha","49356476.5","0","0","0","0","0","0","49356476.5","0","0","0","0","","","",""
"","6a90d9e260cc5ec1e4c30955","Shri Chowdry Mohammad Ramzan (2025-31)","Rajya Sabha","Jammu And Kashmir","Sitting Rajya Sabha","73500000","0","0","0","0","0","0","73500000","0","0","0","0","","","",""
"","6a90d9e260cc5ec1e4c30965","Shri Gurwinder Singh Oberoi (2025-31)","Rajya Sabha","Jammu And Kashmir","Sitting Rajya Sabha","73500000","0","0","0","0","0","0","73500000","0","0","0","0","","","",""
"","6a90d9e260cc5ec1e4c30981","Shri Lingamaneni Ramesh (2026-32)","Rajya Sabha","Andhra Pradesh","Sitting Rajya Sabha","49000000","0","0","0","1","0","1","49000000","0","0","0","0","","","",""
"","6a90d9e260cc5ec1e4c30982","Shri M. Nagaraja (2026-32)","Rajya Sabha","Karnataka","Sitting Rajya Sabha","49000000","0","0","0","0","0","0","49000000","0","0","0","0","","","",""
"","6a90d9e260cc5ec1e4c3098a","Shri Mansoor Ali Khan (2026-32)","Rajya Sabha","Karnataka","Sitting Rajya Sabha","49000000","0","0","0","3","0","3","49000000","0","0","0","0","","","",""
"","6a90d9e260cc5ec1e4c309a5","Shri Pramod Boro (2026-32)","Rajya Sabha","Assam","Sitting Rajya Sabha","49000000","0","0","0","0","0","0","49000000","0","0","0","0","","","",""
"","6a90d9e260cc5ec1e4c309c1","Shri Sajjad Ahmad Kichloo (2025-31)","Rajya Sabha","Jammu And Kashmir","Sitting Rajya Sabha","73500000","0","0","0","18","0","18","73500000","0","0","0","0","","","",""
"","6a90d9e260cc5ec1e4c309c4","Shri Sana Sathish Babu (2026-32)","Rajya Sabha","Andhra Pradesh","Sitting Rajya Sabha","49063978","0","0","0","0","0","0","49063978","0","0","0","0","","","",""
"","6a90d9e260cc5ec1e4c309c6","Shri Sanjay Bhatia (2026-32)","Rajya Sabha","Haryana","Sitting Rajya Sabha","49000000","0","0","0","1","0","1","49000000","0","0","0","0","","","",""
"","6a90d9e260cc5ec1e4c309ea","Smt. Maya Chintaman Ivnate (2026-32)","Rajya Sabha","Maharashtra","Sitting Rajya Sabha","49000000","0","0","0","20","0","20","49000000","0","0","0","0","","","",""
"","6a90d9e260cc5ec1e4c3094d","Shri Baidyanath Ram (2026-32)","Rajya Sabha","Jharkhand","Sitting Rajya Sabha","49000000","0","0","0","0","0","0","49000000","0","0","0","0","","","",""
"","6a90d9e260cc5ec1e4c30956","Shri Christopher Manickam (2026-32)","Rajya Sabha","Tamil Nadu","Sitting Rajya Sabha","49356476.5","0","0","0","0","0","0","49356476.5","0","0","0","0","","","",""
"","6a90d9e260cc5ec1e4c3099a","Shri Nitin Nabin (2026-32)","Rajya Sabha","Bihar","Sitting Rajya Sabha","49000000","0","0","0","0","0","0","49000000","0","0","0","0","","","",""
"","6a90d9e260cc5ec1e4c309a0","Shri Parth Ajit Pawar (2026-32)","Rajya Sabha","Maharashtra","Sitting Rajya Sabha","49000000","0","0","0","0","0","0","49000000","0","0","0","0","","","",""
"","6a90d9e260cc5ec1e4c309a1","Shri Pawan Khera (2026-32)","Rajya Sabha","Karnataka","Sitting Rajya Sabha","49000000","0","0","0","0","0","0","49000000","0","0","0","0","","","",""
"","6a90d9e260cc5ec1e4c309a4","Shri Prakash Chik Baraik (2026-29)","Rajya Sabha","West Bengal","Sitting Rajya Sabha","49662892","0","0","0","0","0","0","49662892","0","0","0","0","","","",""
"","6a90d9e260cc5ec1e4c309ab","Shri Rajeev Kumar (2026-32)","Rajya Sabha","West Bengal","Sitting Rajya Sabha","49000000","0","0","0","0","0","0","49000000","0","0","0","0","","","",""
"","6a90d9e260cc5ec1e4c309ad","Shri Rajesh Parmanand Shukla (2026-32)","Rajya Sabha","Gujarat","Sitting Rajya Sabha","49000000","0","0","0","0","0","0","49000000","0","0","0","0","","","",""
"","6a90d9e260cc5ec1e4c309af","Shri Rajinder Gupta (2025-28)","Rajya Sabha","Punjab","Sitting Rajya Sabha","49000000","0","0","0","0","0","0","49000000","0","0","0","0","","","",""
"","6a90d9e260cc5ec1e4c309b0","Shri Rajneesh Kumar Agrawal (2026-32)","Rajya Sabha","Madhya Pradesh","Sitting Rajya Sabha","49000000","0","0","0","0","0","0","49000000","0","0","0","0","","","",""
"","6a90d9e260cc5ec1e4c309b2","Shri Ramdas Bandu Athawale (2026-32)","Rajya Sabha","Maharashtra","Sitting Rajya Sabha","49000000","0","0","0","0","0","0","49000000","0","0","0","0","","","",""
"","6a90d9e260cc5ec1e4c309b5","Shri Ramrao Sakharam Wadkute (2026-32)","Rajya Sabha","Maharashtra","Sitting Rajya Sabha","49000000","0","0","0","0","0","0","49000000","0","0","0","0","","","",""
"","6a90d9e260cc5ec1e4c309cb","Shri Sanjay Yadav (2024-30)","Rajya Sabha","Bihar","Sitting Rajya Sabha","186200000","0","0","0","54","0","54","186200000","0","0","0","0","","","",""
"","6a90d9e260cc5ec1e4c309d1","Shri Shivesh Kumar (2026-32)","Rajya Sabha","Bihar","Sitting Rajya Sabha","49000000","0","0","0","0","0","0","49000000","0","0","0","0","","","",""
"","6a90d9e260cc5ec1e4c309d4","Shri Sujeet Kumar (2026-32)","Rajya Sabha","Odisha","Sitting Rajya Sabha","49000000","0","0","0","35","0","35","49000000","0","0","0","0","","","",""
"","6a90d9e260cc5ec1e4c309d7","Shri Tarun Chugh (2026-32)","Rajya Sabha","Madhya Pradesh","Sitting Rajya Sabha","49000000","0","0","0","0","0","0","49000000","0","0","0","0","","","",""
"","6a90d9e260cc5ec1e4c309de","Shri Vijay Chintakayala (2026-32)","Rajya Sabha","Andhra Pradesh","Sitting Rajya Sabha","49000000","0","0","0","0","0","0","49000000","0","0","0","0","","","",""
"","6a90d9e260cc5ec1e4c309e2","Smt. Adhikarimayum Sharda Devi (2026-32)","Rajya Sabha","Manipur","Sitting Rajya Sabha","49000000","0","0","0","3","0","3","49000000","0","0","0","0","","","",""
"","6a90d9e260cc5ec1e4c30953","Shri C. Sadanandan Master (2025-31)","Rajya Sabha","Kerala","Nominated Rajya Sabha","73500000","0","0","0","35","0","35","73500000","0","0","0","0","","","",""
"","6a90d9e260cc5ec1e4c30971","Shri James Pangsang Kongkal Sangma (2026-32)","Rajya Sabha","Meghalaya","Sitting Rajya Sabha","49000000","0","0","0","0","0","0","49000000","0","0","0","0","","","",""
"","6a90d9e260cc5ec1e4c3097a","Shri Karamvir Singh Singh Boudh (2026-32)","Rajya Sabha","Haryana","Sitting Rajya Sabha","49000000","0","0","0","0","0","0","49000000","0","0","0","0","","","",""
"","6a90d9e260cc5ec1e4c3097d","Shri Khiangte Laltluangkima (2026-32)","Rajya Sabha","Mizoram","Sitting Rajya Sabha","24500000","0","0","0","0","0","0","24500000","0","0","0","0","","","",""
"","6a90d9e260cc5ec1e4c309b1","Shri Ram Nath Thakur (2026-32)","Rajya Sabha","Bihar","Sitting Rajya Sabha","65673638.730000004","0","0","0","33","0","33","65673638.730000004","0","0","0","0","","","",""
"","6a90d9e260cc5ec1e4c309cd","Shri Sat Paul Sharma (2025-31)","Rajya Sabha","Jammu And Kashmir","Sitting Rajya Sabha","73500000","0","0","0","16","0","16","73500000","0","0","0","0","","","",""
"","6a90d9e260cc5ec1e4c309db","Shri Ujjwal Deorao Nikam (2025-31)","Rajya Sabha","Maharashtra","Nominated Rajya Sabha","73500000","0","0","0","0","0","0","73500000","0","0","0","0","","","",""
"","6a90d9e260cc5ec1e4c309dc","Shri Upendra Kushwaha (2026-32)","Rajya Sabha","Bihar","Sitting Rajya Sabha","49000000","0","0","0","7","0","7","49000000","0","0","0","0","","","",""
"","6a90d9e260cc5ec1e4c309df","Shri Vinod Shridhar Tawde (2026-32)","Rajya Sabha","Maharashtra","Sitting Rajya Sabha","49000000","0","0","0","0","0","0","49000000","0","0","0","0","","","",""
